INSERT INTO domain_knowledge (Table_Name, Description) VALUES
('Student', 'Stores student information including ID, name, email, department, and password.'),
('Teacher', 'Contains details of teachers such as ID, name, email, role, and weekly working hours.'),
('Room', 'Details of rooms including their ID, label, capacity, and location.'),
('Appointment', 'Represents scheduled time slots with weekday, start time, and end time. Unique per time slot.'),
('Course', 'Represents courses/lectures with title, department, duration, assigned room, appointment, and teacher.'),
('Attendance', 'Records which students attend which courses, using a sequence-generated ID.'),
('Notification', 'Stores notifications sent to students about appointments, including type and text content.'),
('Administrator', 'Information about system administrators with login credentials.'),
('Substitution', 'Tracks substitute teachers assigned to courses on specific dates.'),
('Curriculum_Schedule', 'Schedules for courses on specific dates, optionally linked to substitutions.'),
('domain_knowledge', 'Provides descriptions of all tables to facilitate understanding and AI usage.');

-- INSERT INTO benachrichtigung VALUES ();
INSERT INTO Teacher (ID, Name, Email, Role, Weekly_Work_Hours)
VALUES
     (69, 'Jaman', 'jaman@stud.hn.de', 'Teacher', 0),
     (1, 'Max Mustermann', 'max.mustermann@hs-niederrhein.de', 'Professor', 0),
     (2, 'Erika Musterfrau', 'erika.musterfrau@hs-niederrhein.de', 'Tutor', 0),
     (3, 'Hans Schmidt', 'hans.schmidt@hs-niederrhein.de', 'Lecturer', 0),
     (4, 'Anna Berger', 'anna.berger@hs-niederrhein.de', 'Professor', 0),
     (5, 'Thomas Mayer', 'thomas.mayer@hs-niederrhein.de', 'Tutor', 0),
     (6, 'Monika Huber', 'monika.huber@hs-niederrhein.de', 'Lecturer', 0),
     (7, 'Matthias Fischer', 'matthias.fischer@hs-niederrhein.de', 'Professor', 0),
     (8, 'Sabine Wolf', 'sabine.wolf@hs-niederrhein.de', 'Tutor', 0),
     (9, 'Jürgen Schulz', 'juergen.schulz@hs-niederrhein.de', 'Lecturer', 0),
     (10, 'Petra Wagner', 'petra.wagner@hs-niederrhein.de', 'Professor', 0),
     (11, 'Harry Potter', 'harry.potter@hs-niederrhein.de', 'Lecturer', 0),
     (12, 'Diavolo', 'diavolo@hs-niederrhein.de', 'Professor', 0),
     (13, 'Giorno', 'giorno@hs-niederrhein.de', 'Tutor', 0),
     (14, 'Lisa Müller', 'lisa.mueller@hs-niederrhein.de', 'Lecturer', 0),
     (15, 'Michael Braun', 'michael.braun@hs-niederrhein.de', 'Professor', 0),
     (16, 'Julia Becker', 'julia.becker@hs-niederrhein.de', 'Tutor', 0),
     (17, 'David Schuster', 'david.schuster@hs-niederrhein.de', 'Lecturer', 0),
     (18, 'Katrin Richter', 'katrin.richter@hs-niederrhein.de', 'Professor', 0),
     (19, 'Markus König', 'markus.koenig@hs-niederrhein.de', 'Tutor', 0),
     (20, 'Sarah Neumann', 'sarah.neumann@hs-niederrhein.de', 'Lecturer', 0),
     (21, 'Jan Bauer', 'jan.bauer@hs-niederrhein.de', 'Professor', 0),
     (22, 'Dio Brando', 'dio.brando@hs-niederrhein.de', 'Professor', 0),
     (23, 'Götz', 'von.berlichingen@hs-niederrhein.de', 'Professor', 0),
     (24, 'William Shakespeare', 'william.shakespeare@hs-niederrhein.de', 'Professor', 0),
     (25, 'Jane Austen', 'jane.austen@hs-niederrhein.de', 'Professor', 0),
     (26, 'Mark Twain', 'mark.twain@hs-niederrhein.de', 'Professor', 0),
     (27, 'Charles Dickens', 'charles.dickens@hs-niederrhein.de', 'Professor', 0),
     (28, 'Leo Tolstoy', 'leo.tolstoy@hs-niederrhein.de', 'Professor', 0),
     (29, 'Homer', 'homer@hs-niederrhein.de', 'Professor', 0),
     (30, 'J.R.R. Tolkien', 'jrr.tolkien@hs-niederrhein.de', 'Professor', 0),
     (31, 'Hercules', 'hercules@hs-niederrhein.de', 'Professor', 0),
     (32, 'Odysseus', 'odysseus@hs-niederrhein.de', 'Professor', 0),
     (33, 'Achilles', 'achilles@hs-niederrhein.de', 'Professor', 0),
     (34, 'Aeneas', 'aeneas@hs-niederrhein.de', 'Professor', 0),
     (35, 'Antigone', 'antigone@hs-niederrhein.de', 'Professor', 0),
     (36, 'Beowulf', 'beowulf@hs-niederrhein.de', 'Professor', 0),
     (37, 'Gilgamesh', 'gilgamesh@hs-niederrhein.de', 'Professor', 0),
     (38, 'Oedipus', 'oedipus@hs-niederrhein.de', 'Professor', 0),
     (39, 'Medea', 'medea@hs-niederrhein.de', 'Professor', 0),
     (40, 'Thor', 'thor@hs-niederrhein.de', 'Professor', 0),
     (41, 'Lancelot', 'lancelot@hs-niederrhein.de', 'Professor', 0),
     (42, 'Arthur', 'arthur@hs-niederrhein.de', 'Professor', 0),
     (43, 'Merlin', 'merlin@hs-niederrhein.de', 'Professor', 0),
     (44, 'Robin Hood', 'robin.hood@hs-niederrhein.de', 'Professor', 0),
     (45, 'Sir Gawain', 'sir.gawain@hs-niederrhein.de', 'Professor', 0),
     (46, 'Guinevere', 'guinevere@hs-niederrhein.de', 'Professor', 0);


INSERT INTO Room (ID, Label, Capacity, Location)
VALUES 
     (1, 'F303', 200, 'Krefeld'),
     (2, 'F302', 200, 'Krefeld'),
     (3, 'G101', 200, 'Mönchengladbach'),
     (4, 'S201', 150, 'Mönchengladbach'),
     (5, 'G102', 100, 'Mönchengladbach'),
     (6, 'B401', 250, 'Krefeld'),
     (7, 'B201', 180, 'Krefeld');


INSERT INTO Appointment (ID, Weekday, Start_Time, End_Time)
VALUES
     (1, 'Monday', '08:00:00', '10:00:00'),
     (2, 'Monday', '10:00:00', '12:00:00'),
     (3, 'Monday', '12:00:00', '14:00:00'),
     (4, 'Monday', '14:00:00', '16:00:00'),
     (5, 'Monday', '16:00:00', '18:00:00'),
     (6, 'Monday', '18:00:00', '20:00:00'),
     (7, 'Tuesday', '08:00:00', '10:00:00'),
     (8, 'Tuesday', '10:00:00', '12:00:00'),
     (9, 'Tuesday', '12:00:00', '14:00:00'),
     (10, 'Tuesday', '14:00:00', '16:00:00'),
     (11, 'Tuesday', '16:00:00', '18:00:00'),
     (12, 'Tuesday', '18:00:00', '20:00:00'),
     (13, 'Wednesday', '08:00:00', '10:00:00'),
     (14, 'Wednesday', '10:00:00', '12:00:00'),
     (15, 'Wednesday', '12:00:00', '14:00:00'),
     (16, 'Wednesday', '14:00:00', '16:00:00'),
     (17, 'Wednesday', '16:00:00', '18:00:00'),
     (18, 'Wednesday', '18:00:00', '20:00:00'),
     (19, 'Thursday', '08:00:00', '10:00:00'),
     (20, 'Thursday', '10:00:00', '12:00:00'),
     (21, 'Thursday', '12:00:00', '14:00:00'),
     (22, 'Thursday', '14:00:00', '16:00:00'),
     (23, 'Thursday', '16:00:00', '18:00:00'),
     (24, 'Thursday', '18:00:00', '20:00:00'),
     (25, 'Friday', '08:00:00', '10:00:00'),
     (26, 'Friday', '10:00:00', '12:00:00'),
     (27, 'Friday', '12:00:00', '14:00:00'),
     (28, 'Friday', '14:00:00', '16:00:00'),
     (29, 'Friday', '16:00:00', '18:00:00'),
     (30, 'Friday', '18:00:00', '20:00:00');


INSERT INTO Course (ID, Title, Department, Duration, Room_ID, Appointment_ID, Teacher_ID)
VALUES
    (1, 'Biologie', 'FB60', 2, 1, NULL, NULL),
    (2, 'ET2', 'FB03', 2, 1, NULL, NULL),
    (3, 'Mathematik I', 'FB01', 2, 2, NULL, NULL),
    (4, 'Physik II', 'FB02', 2, 2, NULL, NULL),
    (5, 'Informatik Grundlagen', 'FB03', 2, 2, NULL, NULL),
    (6, 'Chemie für Ingenieure', 'FB04', 2, 3, NULL, NULL),
    (7, 'Elektrotechnik Praktikum', 'FB05', 2, 3, NULL, NULL),
    (8, 'Medizinische Biotechnologie', 'FB06', 2, 3, NULL, NULL),
    (9, 'Kunstgeschichte', 'FB07', 2, 1, NULL, NULL),
    (10, 'Wirtschaftsethik', 'FB08', 2, 1, NULL, NULL),
    (11, 'Politikwissenschaften', 'FB09', 2, 1, NULL, NULL),
    (12, 'Psychologie II', 'FB10', 2, 2, NULL, NULL),
    (13, 'Soziologie der Arbeit', 'FB11', 2, 2, NULL, NULL),
    (14, 'Internationale Beziehungen', 'FB12', 2, 2, NULL, NULL),
    (15, 'Literaturwissenschaften', 'FB13', 2, 3, NULL, NULL),
    (16, 'Geschichte der Architektur', 'FB14', 2, 3, NULL, NULL),
    (17, 'Philosophie der Technik', 'FB15', 2, 3, NULL, NULL),
    (18, 'Sportwissenschaften', 'FB16', 2, 1, NULL, NULL),
    (19, 'Medieninformatik', 'FB17', 2, 1, NULL, NULL),
    (20, 'Maschinenbau', 'FB18', 2, 1, NULL, NULL),
    (21, 'Bauingenieurwesen', 'FB19', 2, 2, NULL, NULL),
    (22, 'Umwelttechnik', 'FB20', 2, 2, NULL, NULL),
    (23, 'Psychologie I', 'FB10', 2, 3, NULL, NULL),
    (24, 'Medienwissenschaften', 'FB13', 2, 3, NULL, NULL),
    (25, 'Designtheorie', 'FB14', 2, 3, NULL, NULL),
    (26, 'Robotik und Automatisierung', 'FB18', 2, 1, NULL, NULL),
    (27, 'Digitale Signalverarbeitung', 'FB19', 2, 1, NULL, NULL),
    (28, 'Nachhaltige Energie', 'FB20', 2, 1, NULL, NULL),
    (29, 'Biochemie', 'FB04', 2, 2, NULL, NULL),
    (30, 'Grundlagen der Betriebswirtschaftslehre', 'FB08', 2, 2, NULL, NULL),
    (31, 'Medienethik', 'FB13', 2, 2, NULL, NULL),
    (32, 'Archäologie der Antike', 'FB14', 2, 3, NULL, NULL),
    (33, 'Politische Ökonomie', 'FB09', 2, 3, NULL, NULL),
    (34, 'Kunstgeschichte der Renaissance', 'FB07', 2, 1, NULL, NULL),
    (35, 'Psychologie III', 'FB10', 2, 1, NULL, NULL),
    (36, 'Medieninformatik II', 'FB17', 2, 1, NULL, NULL),
    (37, 'Maschinendynamik', 'FB18', 2, 2, NULL, NULL),
    (38, 'Baurecht', 'FB19', 2, 2, NULL, NULL),
    (39, 'Umwelttechnik II', 'FB20', 2, 2, NULL, NULL),
    (40, 'Mikrobiologie', 'FB04', 2, 3, NULL, NULL),
    (41, 'Marketing Management', 'FB08', 2, 3, NULL, NULL),
    (42, 'Filmgeschichte', 'FB13', 2, 3, NULL, NULL),
    (43, 'Architekturtheorie', 'FB14', 2, 1, NULL, NULL),
    (44, 'Internationale Politik', 'FB09', 2, 1, NULL, NULL),
    (45, 'Moderne Kunst', 'FB07', 2, 2, NULL, NULL),
    (46, 'Psychologie IV', 'FB10', 2, 2, NULL, NULL),
    (47, 'Angewandte Kryptographie', 'FB17', 2, 2, NULL, NULL),
    (48, 'Thermodynamik', 'FB18', 2, 3, NULL, NULL),
    (49, 'Baukonstruktion', 'FB19', 2, 3, NULL, NULL),
    (50, 'Abfallwirtschaft', 'FB20', 2, 1, NULL, NULL),
    (51, 'Genetik', 'FB04', 2, 1, NULL, NULL),
    (52, 'Internationale Finanzmärkte', 'FB08', 2, 2, NULL, NULL),
        (53, 'Astrophysik', 'FB02', 2, 1, NULL, NULL),
    (54, 'Software Engineering', 'FB03', 2, 2, NULL, NULL),
    (55, 'Organische Chemie', 'FB04', 2, 3, NULL, NULL),
    (56, 'Elektrische Messtechnik', 'FB05', 2, 1, NULL, NULL),
    (57, 'Biotechnologie und Bioinformatik', 'FB06', 2, 2, NULL, NULL),
    (58, 'Literaturtheorie', 'FB07', 2, 3, NULL, NULL),
    (59, 'Geschichte der Wissenschaft', 'FB12', 2, 1, NULL, NULL),
    (60, 'Philosophie der Kunst', 'FB15', 2, 2, NULL, NULL),
    (61, 'Sportpsychologie', 'FB16', 2, 3, NULL, NULL),
    (62, 'Medienpsychologie', 'FB13', 2, 1, NULL, NULL),
    (63, 'Robotik und Mensch-Roboter-Interaktion', 'FB18', 2, 2, NULL, NULL),
    (64, 'Nachhaltiges Bauen und Energieeffizienz', 'FB19', 2, 3, NULL, NULL),
    (65, 'Umweltmanagement', 'FB20', 2, 1, NULL, NULL),
    (66, 'Virologie', 'FB04', 2, 2, NULL, NULL),
    (67, 'Strategisches Management', 'FB08', 2, 3, NULL, NULL),
    (68, 'Filmästhetik und Medienkultur', 'FB13', 2, 1, NULL, NULL),
    (69, 'Archäologie der Mittelalter', 'FB14', 2, 2, NULL, NULL),
    (70, 'Internationale Beziehungen in Asien', 'FB09', 2, 3, NULL, NULL),
    (71, 'Klassische Architektur', 'FB19', 2, 1, NULL, NULL),
    (72, 'Abwasserwirtschaft', 'FB20', 2, 2, NULL, NULL),
    (73, 'Molekularbiologie', 'FB04', 2, 3, NULL, NULL),
    (74, 'E-Commerce', 'FB08', 2, 1, NULL, NULL),
    (75, 'Mediensoziologie', 'FB13', 2, 2, NULL, NULL),
    (76, 'Kunsttheorie und -kritik', 'FB07', 2, 3, NULL, NULL),
    (77, 'Geschichte der Technik', 'FB12', 2, 1, NULL, NULL),
    (78, 'Bioinformatik', 'FB06', 2, 2, NULL, NULL),
    (79, 'Kulturphilosophie', 'FB15', 2, 3, NULL, NULL),
    (80, 'Sportökonomie', 'FB16', 2, 1, NULL, NULL),
    (81, 'Mediendidaktik', 'FB13', 2, 2, NULL, NULL),
    (82, 'Fotografiegeschichte', 'FB07', 2, 1, NULL, NULL),
    (83, 'Kognitionspsychologie', 'FB10', 2, 2, NULL, NULL),
    (84, 'Industrierobotik', 'FB18', 2, 3, NULL, NULL),
    (85, 'Bauplanungsrecht', 'FB19', 2, 1, NULL, NULL),
    (86, 'Wasserressourcenmanagement', 'FB20', 2, 2, NULL, NULL),
    (87, 'Immunologie', 'FB04', 2, 3, NULL, NULL),
    (88, 'Investment Banking', 'FB08', 2, 1, NULL, NULL),
    (89, 'Medienrecht', 'FB13', 2, 2, NULL, NULL),
    (90, 'Architekturgeschichte der Moderne', 'FB14', 2, 3, NULL, NULL),
     (91, 'Astrobiologie', 'FB02', 2, NULL, NULL, NULL),
    (92, 'Webentwicklung', 'FB03', 2, NULL, NULL, NULL),
    (93, 'Organische Synthesechemie', 'FB04', 2, NULL, NULL, NULL),
    (94, 'Elektromagnetische Felder', 'FB05', 2, NULL, NULL, NULL),
    (95, 'Genomik und Proteomik', 'FB06', 2, NULL, NULL, NULL),
    (96, 'Literaturgeschichte der Romantik', 'FB07', 2, NULL, NULL, NULL),
    (97, 'Globalisierung und Entwicklung', 'FB09', 2, NULL, NULL, NULL),
    (98, 'Filmproduktion', 'FB13', 2, NULL, NULL, NULL),
    (99, 'Archäologie der Bronzezeit', 'FB14', 2, NULL, NULL, NULL),
    (100, 'Internationale Sicherheitspolitik', 'FB09', 2, NULL, NULL, NULL),
    (101, 'Kunstgeschichte des Barocks', 'FB07', 2, NULL, NULL, NULL),
    (102, 'Psycholinguistik', 'FB10', 2, NULL, NULL, NULL),
    (103, 'Medienpsychologie II', 'FB13', 2, NULL, NULL, NULL),
    (104, 'Maschinenbau III', 'FB18', 2, NULL, NULL, NULL),
    (105, 'Robotik in der Medizin', 'FB18', 2, NULL, NULL, NULL),
    (106, 'Digital Humanities', 'FB13', 2, NULL, NULL, NULL),
    (107, 'Wirtschaftspsychologie', 'FB10', 2, NULL, NULL, NULL),
    (108, 'Medieninformatik III', 'FB17', 2, NULL, NULL, NULL),
    (109, 'Maschinendynamik II', 'FB18', 2, NULL, NULL, NULL),
    (110, 'Baurecht II', 'FB19', 2, NULL, NULL, NULL),
    (111, 'Umwelttechnik III', 'FB20', 2, NULL, NULL, NULL),
    (112, 'Neurobiologie', 'FB04', 2, NULL, NULL, NULL),
    (113, 'Personalmanagement', 'FB08', 2, NULL, NULL, NULL),
    (114, 'Mediensoziologie II', 'FB13', 2, NULL, NULL, NULL),
    (115, 'Kunstgeschichte der Renaissance II', 'FB07', 2, NULL, NULL, NULL),
    (116, 'Sozialpsychologie', 'FB10', 2, NULL, NULL, NULL),
    (117, 'Bildverarbeitung', 'FB17', 2, NULL, NULL, NULL),
    (118, 'Mechatronik', 'FB18', 2, NULL, NULL, NULL),
    (119, 'Bauökologie', 'FB19', 2, NULL, NULL, NULL),
    (120, 'Abfallwirtschaft II', 'FB20', 2, NULL, NULL, NULL),
        (121, 'Statistik I', 'FB01', 2, NULL, NULL, NULL),
    (122, 'Maschinelles Lernen', 'FB03', 2, NULL, NULL, NULL),
    (123, 'Datenstrukturen und Algorithmen', 'FB03', 2, NULL, NULL, NULL),
    (124, 'Grundlagen der Elektrotechnik', 'FB04', 2, NULL, NULL, NULL),
    (125, 'Angewandte Physik', 'FB02', 2, NULL, NULL, NULL),
    (126, 'Chemische Reaktionstechnik', 'FB04', 2, NULL, NULL, NULL),
    (127, 'Künstliche Intelligenz', 'FB03', 2, NULL, NULL, NULL),
    (128, 'Software Engineering', 'FB03', 2, NULL, NULL, NULL),
    (129, 'Biomedizinische Technik', 'FB05', 2, NULL, NULL, NULL),
    (130, 'Nachhaltige Entwicklung', 'FB06', 2, NULL, NULL, NULL),
    (131, 'Robotik', 'FB07', 2, NULL, NULL, NULL),
    (132, 'Automatisierungstechnik', 'FB08', 2, NULL, NULL, NULL),
    (133, 'Moderne Physik', 'FB02', 2, NULL, NULL, NULL),
    (134, 'Molekularbiologie', 'FB04', 2, NULL, NULL, NULL),
    (135, 'Betriebswirtschaftslehre', 'FB09', 2, NULL, NULL, NULL),
    (136, 'Volkswirtschaftslehre', 'FB10', 2, NULL, NULL, NULL),
    (137, 'Organische Chemie', 'FB04', 2, NULL, NULL, NULL),
    (138, 'Marketing', 'FB11', 2, NULL, NULL, NULL),
    (139, 'Finanzmanagement', 'FB12', 2, NULL, NULL, NULL),
    (140, 'Personalmanagement', 'FB13', 2, NULL, NULL, NULL),
    (141, 'Projektmanagement', 'FB14', 2, NULL, NULL, NULL),
    (142, 'Logistik', 'FB15', 2, NULL, NULL, NULL),
    (143, 'Wirtschaftsinformatik', 'FB16', 2, NULL, NULL, NULL),
    (144, 'Kommunikationstechnik', 'FB17', 2, NULL, NULL, NULL),
    (145, 'Internationale Beziehungen II', 'FB12', 2, NULL, NULL, NULL),
    (146, 'Soziologie', 'FB18', 2, NULL, NULL, NULL),
    (147, 'Psychologie V', 'FB10', 2, NULL, NULL, NULL),
    (148, 'Ethik', 'FB19', 2, NULL, NULL, NULL),
    (149, 'Literatur und Medien', 'FB13', 2, NULL, NULL, NULL),
    (150, 'Kunst und Kultur', 'FB07', 2, NULL, NULL, NULL),
    (151, 'Sprachwissenschaften', 'FB20', 2, NULL, NULL, NULL),
    (152, 'Geoinformatik', 'FB03', 2, NULL, NULL, NULL),
    (153, 'Mediengestaltung', 'FB17', 2, NULL, NULL, NULL),
    (154, 'Medienrecht', 'FB08', 2, NULL, NULL, NULL),
    (155, 'Nachrichtentechnik', 'FB04', 2, NULL, NULL, NULL),
    (156, 'Computergrafik', 'FB03', 2, NULL, NULL, NULL),
    (157, 'Netzwerktechnik', 'FB03', 2, NULL, NULL, NULL),
    (158, 'Bauplanung', 'FB19', 2, NULL, NULL, NULL),
    (159, 'Umweltschutz', 'FB20', 2, NULL, NULL, NULL),
    (160, 'Energieversorgung', 'FB06', 2, NULL, NULL, NULL),
    (161, 'Regenerative Energien', 'FB20', 2, NULL, NULL, NULL),
    (162, 'Grundlagen der Architektur', 'FB14', 2, NULL, NULL, NULL),
    (163, 'Ingenieurmathematik', 'FB01', 2, NULL, NULL, NULL),
    (164, 'Theoretische Physik', 'FB02', 2, NULL, NULL, NULL),
    (165, 'Industrielle Chemie', 'FB04', 2, NULL, NULL, NULL),
    (166, 'Biotechnologie', 'FB06', 2, NULL, NULL, NULL),
    (167, 'Umweltmanagement', 'FB20', 2, NULL, NULL, NULL),
    (168, 'Internationale Logistik', 'FB15', 2, NULL, NULL, NULL),
    (169, 'Statistik II', 'FB01', 2, NULL, NULL, NULL),
    (170, 'Angewandte Mathematik', 'FB01', 2, NULL, NULL, NULL),
    (171, 'Pharmakologie', 'FB05', 2, NULL, NULL, NULL),
    (172, 'Wirtschaftspolitik', 'FB09', 2, NULL, NULL, NULL),
    (173, 'Bildungstechnologie', 'FB17', 2, NULL, NULL, NULL),
    (174, 'Medienproduktion', 'FB17', 2, NULL, NULL, NULL),
    (175, 'Entwicklungspolitik', 'FB12', 2, NULL, NULL, NULL),
    (176, 'Quantitative Methoden', 'FB10', 2, NULL, NULL, NULL),
    (177, 'Sozialpsychologie', 'FB18', 2, NULL, NULL, NULL),
    (178, 'Philosophie der Wissenschaft', 'FB19', 2, NULL, NULL, NULL),
    (179, 'Neurowissenschaften', 'FB05', 2, NULL, NULL, NULL),
    (180, 'Verhaltensökonomie', 'FB09', 2, NULL, NULL, NULL),
    (181, 'Sport und Gesundheit', 'FB16', 2, NULL, NULL, NULL),
    (182, 'Ergonomie', 'FB19', 2, NULL, NULL, NULL),
    (183, 'Technisches Zeichnen', 'FB04', 2, NULL, NULL, NULL),
    (184, 'Maschinenbau Grundlagen', 'FB18', 2, NULL, NULL, NULL),
    (185, 'Industriedesign', 'FB14', 2, NULL, NULL, NULL),
    (186, 'Produktionsmanagement', 'FB15', 2, NULL, NULL, NULL),
    (187, 'Wirtschaftsrecht', 'FB08', 2, NULL, NULL, NULL),
    (188, 'Internationale Handelsbeziehungen', 'FB12', 2, NULL, NULL, NULL),
    (189, 'Sozialarbeit', 'FB20', 2, NULL, NULL, NULL),
    (190, 'Angewandte Informatik', 'FB03', 2, NULL, NULL, NULL),
    (191, 'Mobilkommunikation', 'FB04', 2, NULL, NULL, NULL),
    (192, 'Öffentliches Recht', 'FB08', 2, NULL, NULL, NULL),
    (193, 'Privatrecht', 'FB08', 2, NULL, NULL, NULL),
    (194, 'Steuerrecht', 'FB08', 2, NULL, NULL, NULL),
    (195, 'Sozialrecht', 'FB08', 2, NULL, NULL, NULL),
    (196, 'Europarecht', 'FB08', 2, NULL, NULL, NULL),
    (197, 'Internationales Recht', 'FB08', 2, NULL, NULL, NULL),
    (198, 'Umweltrecht', 'FB08', 2, NULL, NULL, NULL),
    (199, 'Medienrecht', 'FB08', 2, NULL, NULL, NULL),
    (200, 'Internetrecht', 'FB08', 2, NULL, NULL, NULL);

INSERT INTO Student (ID, Name, Email, Department, Password) VALUES
(1, 'David Klein', 'david.klein@stud.hn.de', 'FB06', 'passwort'),
(2, 'Finn Zimmermann', 'finn.zimmermann@stud.hn.de', 'FB17', 'passwort'),
(3, 'Erik Meyer', 'erik.meyer@stud.hn.de', 'FB10', 'passwort'),
(4, 'Philipp Messi', 'philipp.messi@stud.hn.de', 'FB12', 'passwort'),
(5, 'Daniel Bienieck', 'daniel.bienieck@stud.hn.de', 'FB16', 'passwort'),
(6, 'Rene Kaynak', 'rene.kaynak@stud.hn.de', 'FB07', 'passwort'),
(7, 'Kevin Hahn', 'kevin.hahn@stud.hn.de', 'FB07', 'passwort'),
(8, 'Antonio Lange', 'antonio.lange@stud.hn.de', 'FB18', 'passwort'),
(9, 'Dominik Jung', 'dominik.jung@stud.hn.de', 'FB04', 'passwort'),
(10, 'Rene Schlotterbeck', 'rene.schlotterbeck@stud.hn.de', 'FB11', 'passwort'),
(11, 'Moritz Jung', 'moritz.jung@stud.hn.de', 'FB14', 'passwort'),
(12, 'Antonio Nitsche', 'antonio.nitsche@stud.hn.de', 'FB20', 'passwort'),
(13, 'Nico Meyer', 'nico.meyer@stud.hn.de', 'FB05', 'passwort'),
(14, 'Tim Klein', 'tim.klein@stud.hn.de', 'FB02', 'passwort'),
(15, 'Philipp Musiala', 'philipp.musiala@stud.hn.de', 'FB16', 'passwort'),
(16, 'Felix Alt', 'felix.alt@stud.hn.de', 'FB19', 'passwort'),
(17, 'Dennis Wolf', 'dennis.wolf@stud.hn.de', 'FB01', 'passwort'),
(18, 'Jan Braun', 'jan.braun@stud.hn.de', 'FB16', 'passwort'),
(19, 'Malik Gundogan', 'malik.gundogan@stud.hn.de', 'FB04', 'passwort'),
(20, 'David Schlotterbeck', 'david.schlotterbeck@stud.hn.de', 'FB20', 'passwort'),
(21, 'Julian Bienieck', 'julian.bienieck@stud.hn.de', 'FB08', 'passwort'),
(22, 'Niklas Messi', 'niklas.messi@stud.hn.de', 'FB09', 'passwort'),
(23, 'Jonathan Jackson', 'jonathan.jackson@stud.hn.de', 'FB11', 'passwort'),
(24, 'John Hahn', 'john.hahn@stud.hn.de', 'FB04', 'passwort'),
(25, 'Nico Lange', 'nico.lange@stud.hn.de', 'FB17', 'passwort'),
(26, 'Michael Hoffmann', 'michael.hoffmann@stud.hn.de', 'FB19', 'passwort'),
(27, 'Kevin Schmid', 'kevin.schmid@stud.hn.de', 'FB20', 'passwort'),
(28, 'Simon Klein', 'simon.klein@stud.hn.de', 'FB02', 'passwort'),
(29, 'Mary Konig', 'mary.konig@stud.hn.de', 'FB03', 'passwort'),
(30, 'Nico Meyer', 'nico.meyer@stud.hn.de', 'FB06', 'passwort'),
(31, 'Sarah Huber', 'sarah.huber@stud.hn.de', 'FB04', 'passwort'),
(32, 'Dennis Hoffmann', 'dennis.hoffmann@stud.hn.de', 'FB19', 'passwort'),
(33, 'Erik Raum', 'erik.raum@stud.hn.de', 'FB08', 'passwort'),
(34, 'Philipp Schlotterbeck', 'philipp.schlotterbeck@stud.hn.de', 'FB10', 'passwort'),
(35, 'Niklas Wolf', 'niklas.wolf@stud.hn.de', 'FB17', 'passwort'),
(36, 'Kevin Braun', 'kevin.braun@stud.hn.de', 'FB11', 'passwort'),
(37, 'Fabian Mustermann', 'fabian.mustermann@stud.hn.de', 'FB05', 'passwort'),
(38, 'Thomas Schneider', 'thomas.schneider@stud.hn.de', 'FB02', 'passwort'),
(39, 'Nico Andrich', 'nico.andrich@stud.hn.de', 'FB02', 'passwort'),
(40, 'Christian Bienieck', 'christian.bienieck@stud.hn.de', 'FB07', 'passwort'),
(41, 'Jannik Hoffmann', 'jannik.hoffmann@stud.hn.de', 'FB03', 'passwort'),
(42, 'Malik Frank', 'malik.frank@stud.hn.de', 'FB04', 'passwort'),
(43, 'Geinrich Klein', 'geinrich.klein@stud.hn.de', 'FB17', 'passwort'),
(44, 'Max Braun', 'max.braun@stud.hn.de', 'FB12', 'passwort'),
(45, 'Julian Kroos', 'julian.kroos@stud.hn.de', 'FB01', 'passwort'),
(46, 'Rene Yildiz', 'rene.yildiz@stud.hn.de', 'FB19', 'passwort'),
(47, 'Patrick Messi', 'patrick.messi@stud.hn.de', 'FB14', 'passwort'),
(48, 'Thomas Schwarz', 'thomas.schwarz@stud.hn.de', 'FB09', 'passwort'),
(49, 'Fabian Hartmann', 'fabian.hartmann@stud.hn.de', 'FB20', 'passwort'),
(50, 'Kevin Kimmich', 'kevin.kimmich@stud.hn.de', 'FB16', 'passwort'),
(51, 'Erik Schmid', 'erik.schmid@stud.hn.de', 'FB10', 'passwort'),
(52, 'Benjamin Messi', 'benjamin.messi@stud.hn.de', 'FB16', 'passwort'),
(53, 'Benjamin Messi', 'benjamin.messi@stud.hn.de', 'FB07', 'passwort'),
(54, 'Lukas Meyer', 'lukas.meyer@stud.hn.de', 'FB13', 'passwort'),
(55, 'Sarah Hoenings', 'sarah.hoenings@stud.hn.de', 'FB19', 'passwort'),
(56, 'Malik Wolf', 'malik.wolf@stud.hn.de', 'FB06', 'passwort'),
(57, 'John Wolf', 'john.wolf@stud.hn.de', 'FB19', 'passwort'),
(58, 'Christian Schneider', 'christian.schneider@stud.hn.de', 'FB17', 'passwort'),
(59, 'Leon Rolfkes', 'leon.rolfkes@stud.hn.de', 'FB17', 'passwort'),
(60, 'Meric Lange', 'meric.lange@stud.hn.de', 'FB01', 'passwort'),
(61, 'Leon Kroos', 'leon.kroos@stud.hn.de', 'FB18', 'passwort'),
(62, 'Raphael Andrich', 'raphael.andrich@stud.hn.de', 'FB05', 'passwort'),
(63, 'Mary Kroos', 'mary.kroos@stud.hn.de', 'FB20', 'passwort'),
(64, 'Sebastian Schneider', 'sebastian.schneider@stud.hn.de', 'FB09', 'passwort'),
(65, 'Rene Alt', 'rene.alt@stud.hn.de', 'FB19', 'passwort'),
(66, 'Antonio Wolf', 'antonio.wolf@stud.hn.de', 'FB17', 'passwort'),
(67, 'Mary Jung', 'mary.jung@stud.hn.de', 'FB18', 'passwort'),
(68, 'Max Wagner', 'max.wagner@stud.hn.de', 'FB15', 'passwort'),
(69, 'Tobias Jung', 'tobias.jung@stud.hn.de', 'FB18', 'passwort'),
(70, 'Dennis Wolf', 'dennis.wolf@stud.hn.de', 'FB07', 'passwort'),
(71, 'Meric Klein', 'meric.klein@stud.hn.de', 'FB16', 'passwort'),
(72, 'Oliver Dubrov', 'oliver.dubrov@stud.hn.de', 'FB14', 'passwort'),
(73, 'Jonas Yildiz', 'jonas.yildiz@stud.hn.de', 'FB09', 'passwort'),
(74, 'Tim Dubrov', 'tim.dubrov@stud.hn.de', 'FB09', 'passwort'),
(75, 'Dennis Winkler', 'dennis.winkler@stud.hn.de', 'FB01', 'passwort'),
(76, 'Jackson Kruger', 'jackson.kruger@stud.hn.de', 'FB11', 'passwort'),
(77, 'Max Huber', 'max.huber@stud.hn.de', 'FB20', 'passwort'),
(78, 'Julian Hahn', 'julian.hahn@stud.hn.de', 'FB11', 'passwort'),
(79, 'Lukas Alt', 'lukas.alt@stud.hn.de', 'FB01', 'passwort'),
(80, 'Jannik Kimmich', 'jannik.kimmich@stud.hn.de', 'FB11', 'passwort'),
(81, 'Geinrich Alt', 'geinrich.alt@stud.hn.de', 'FB12', 'passwort'),
(82, 'Jackson Schneider', 'jackson.schneider@stud.hn.de', 'FB04', 'passwort'),
(83, 'Kevin Seidel', 'kevin.seidel@stud.hn.de', 'FB02', 'passwort'),
(84, 'Sebastian Schlotterbeck', 'sebastian.schlotterbeck@stud.hn.de', 'FB13', 'passwort'),
(85, 'Michael Bienieck', 'michael.bienieck@stud.hn.de', 'FB12', 'passwort'),
(86, 'Antonio Andrich', 'antonio.andrich@stud.hn.de', 'FB20', 'passwort'),
(87, 'Dennis Konig', 'dennis.konig@stud.hn.de', 'FB04', 'passwort'),
(88, 'Julian Hoffmann', 'julian.hoffmann@stud.hn.de', 'FB02', 'passwort'),
(89, 'Antonio Tah', 'antonio.tah@stud.hn.de', 'FB17', 'passwort'),
(90, 'Thomas Alt', 'thomas.alt@stud.hn.de', 'FB05', 'passwort'),
(91, 'Alexander Fischer', 'alexander.fischer@stud.hn.de', 'FB12', 'passwort'),
(92, 'Leon Hartmann', 'leon.hartmann@stud.hn.de', 'FB13', 'passwort'),
(93, 'Jackson Bienieck', 'jackson.bienieck@stud.hn.de', 'FB12', 'passwort'),
(94, 'Meric Richter', 'meric.richter@stud.hn.de', 'FB13', 'passwort'),
(95, 'Fabian Jung', 'fabian.jung@stud.hn.de', 'FB07', 'passwort'),
(96, 'Leon Schwarz', 'leon.schwarz@stud.hn.de', 'FB06', 'passwort'),
(97, 'Julian Wolf', 'julian.wolf@stud.hn.de', 'FB15', 'passwort'),
(98, 'Florian Richter', 'florian.richter@stud.hn.de', 'FB07', 'passwort'),
(99, 'Felix Andrich', 'felix.andrich@stud.hn.de', 'FB20', 'passwort'),
(100, 'Jannik Hoenings', 'jannik.hoenings@stud.hn.de', 'FB03', 'passwort'),
(101, 'Jack Schneider', 'jack.schneider@stud.hn.de', 'FB04', 'passwort'),
(102, 'Daniel Nitsche', 'daniel.nitsche@stud.hn.de', 'FB14', 'passwort'),
(103, 'Lukas Wolf', 'lukas.wolf@stud.hn.de', 'FB20', 'passwort'),
(104, 'Patrick Lange', 'patrick.lange@stud.hn.de', 'FB12', 'passwort'),
(105, 'Mary Braun', 'mary.braun@stud.hn.de', 'FB08', 'passwort'),
(106, 'Simon Seidel', 'simon.seidel@stud.hn.de', 'FB08', 'passwort'),
(107, 'Rene Schwarz', 'rene.schwarz@stud.hn.de', 'FB14', 'passwort'),
(108, 'Niklas Fischer', 'niklas.fischer@stud.hn.de', 'FB17', 'passwort'),
(109, 'Tobias Schulz', 'tobias.schulz@stud.hn.de', 'FB09', 'passwort'),
(110, 'Max Klein', 'max.klein@stud.hn.de', 'FB16', 'passwort'),
(111, 'Fabian Schneider', 'fabian.schneider@stud.hn.de', 'FB15', 'passwort'),
(112, 'Jack Frank', 'jack.frank@stud.hn.de', 'FB15', 'passwort'),
(113, 'Kevin Schlotterbeck', 'kevin.schlotterbeck@stud.hn.de', 'FB06', 'passwort'),
(114, 'Christian Schneider', 'christian.schneider@stud.hn.de', 'FB03', 'passwort'),
(115, 'Kevin Schwarz', 'kevin.schwarz@stud.hn.de', 'FB16', 'passwort'),
(116, 'Sarah Alt', 'sarah.alt@stud.hn.de', 'FB20', 'passwort'),
(117, 'Alexander Messi', 'alexander.messi@stud.hn.de', 'FB01', 'passwort'),
(118, 'Sebastian Weber', 'sebastian.weber@stud.hn.de', 'FB12', 'passwort'),
(119, 'Max Brandt', 'max.brandt@stud.hn.de', 'FB18', 'passwort'),
(120, 'Tim Messi', 'tim.messi@stud.hn.de', 'FB05', 'passwort'),
(121, 'Patrick Meyer', 'patrick.meyer@stud.hn.de', 'FB15', 'passwort'),
(122, 'Alexander Klein', 'alexander.klein@stud.hn.de', 'FB09', 'passwort'),
(123, 'Malik Messi', 'malik.messi@stud.hn.de', 'FB10', 'passwort'),
(124, 'Geinrich Hahn', 'geinrich.hahn@stud.hn.de', 'FB14', 'passwort'),
(125, 'Jonas Schneider', 'jonas.schneider@stud.hn.de', 'FB07', 'passwort'),
(126, 'Lukas Bienieck', 'lukas.bienieck@stud.hn.de', 'FB12', 'passwort'),
(127, 'Matthias Kaynak', 'matthias.kaynak@stud.hn.de', 'FB02', 'passwort'),
(128, 'Matthias Mustermann', 'matthias.mustermann@stud.hn.de', 'FB12', 'passwort'),
(129, 'Marcel Hoffmann', 'marcel.hoffmann@stud.hn.de', 'FB18', 'passwort'),
(130, 'Matthias Wolf', 'matthias.wolf@stud.hn.de', 'FB05', 'passwort'),
(131, 'Alexander Vogel', 'alexander.vogel@stud.hn.de', 'FB14', 'passwort'),
(132, 'Rene Berger', 'rene.berger@stud.hn.de', 'FB01', 'passwort'),
(133, 'Kevin Bienieck', 'kevin.bienieck@stud.hn.de', 'FB15', 'passwort'),
(134, 'David Hoenings', 'david.hoenings@stud.hn.de', 'FB03', 'passwort'),
(135, 'Jackson Foerster', 'jackson.foerster@stud.hn.de', 'FB20', 'passwort'),
(136, 'Jack Klein', 'jack.klein@stud.hn.de', 'FB11', 'passwort'),
(137, 'Rene Schneider', 'rene.schneider@stud.hn.de', 'FB01', 'passwort'),
(138, 'Dominik Yildiz', 'dominik.yildiz@stud.hn.de', 'FB09', 'passwort'),
(139, 'Christian Hoenings', 'christian.hoenings@stud.hn.de', 'FB10', 'passwort'),
(140, 'Daniel Huber', 'daniel.huber@stud.hn.de', 'FB15', 'passwort'),
(141, 'Michael Mustermann', 'michael.mustermann@stud.hn.de', 'FB14', 'passwort'),
(142, 'Niklas Meyer', 'niklas.meyer@stud.hn.de', 'FB20', 'passwort'),
(143, 'Dennis Rolfkes', 'dennis.rolfkes@stud.hn.de', 'FB19', 'passwort'),
(144, 'Nico Hahn', 'nico.hahn@stud.hn.de', 'FB20', 'passwort'),
(145, 'Lukas Konig', 'lukas.konig@stud.hn.de', 'FB20', 'passwort'),
(146, 'Jack Yildiz', 'jack.yildiz@stud.hn.de', 'FB02', 'passwort'),
(147, 'Antonio Dubrov', 'antonio.dubrov@stud.hn.de', 'FB13', 'passwort'),
(148, 'Nico Kimmich', 'nico.kimmich@stud.hn.de', 'FB15', 'passwort'),
(149, 'Jan Foerster', 'jan.foerster@stud.hn.de', 'FB12', 'passwort'),
(150, 'Jan Schneider', 'jan.schneider@stud.hn.de', 'FB03', 'passwort'),
(151, 'Jan Jackson', 'jan.jackson@stud.hn.de', 'FB09', 'passwort'),
(152, 'Jack Raum', 'jack.raum@stud.hn.de', 'FB02', 'passwort'),
(153, 'Geinrich Schlotterbeck', 'geinrich.schlotterbeck@stud.hn.de', 'FB12', 'passwort'),
(154, 'Oliver Schwarz', 'oliver.schwarz@stud.hn.de', 'FB04', 'passwort'),
(155, 'Florian Ronaldo', 'florian.ronaldo@stud.hn.de', 'FB19', 'passwort'),
(156, 'Meric Tah', 'meric.tah@stud.hn.de', 'FB02', 'passwort'),
(157, 'Alexander Zimmermann', 'alexander.zimmermann@stud.hn.de', 'FB14', 'passwort'),
(158, 'Paul Hartmann', 'paul.hartmann@stud.hn.de', 'FB07', 'passwort'),
(159, 'Tobias Dubrov', 'tobias.dubrov@stud.hn.de', 'FB08', 'passwort'),
(160, 'Julian Jung', 'julian.jung@stud.hn.de', 'FB13', 'passwort'),
(161, 'Moritz Brandt', 'moritz.brandt@stud.hn.de', 'FB18', 'passwort'),
(162, 'Max Schmid', 'max.schmid@stud.hn.de', 'FB10', 'passwort'),
(163, 'Meric Winkler', 'meric.winkler@stud.hn.de', 'FB13', 'passwort'),
(164, 'Philipp Kaynak', 'philipp.kaynak@stud.hn.de', 'FB08', 'passwort'),
(165, 'David Rolfkes', 'david.rolfkes@stud.hn.de', 'FB08', 'passwort'),
(166, 'Meric Frank', 'meric.frank@stud.hn.de', 'FB13', 'passwort'),
(167, 'Geinrich Hoffmann', 'geinrich.hoffmann@stud.hn.de', 'FB15', 'passwort'),
(168, 'Alexander Meyer', 'alexander.meyer@stud.hn.de', 'FB15', 'passwort'),
(169, 'Michael Schlotterbeck', 'michael.schlotterbeck@stud.hn.de', 'FB15', 'passwort'),
(170, 'Steven Becker', 'steven.becker@stud.hn.de', 'FB12', 'passwort'),
(171, 'Geinrich Hoffmann', 'geinrich.hoffmann@stud.hn.de', 'FB06', 'passwort'),
(172, 'Fabian Winkler', 'fabian.winkler@stud.hn.de', 'FB10', 'passwort'),
(173, 'Leon Musiala', 'leon.musiala@stud.hn.de', 'FB20', 'passwort'),
(174, 'Felix Musiala', 'felix.musiala@stud.hn.de', 'FB03', 'passwort'),
(175, 'Benjamin Weber', 'benjamin.weber@stud.hn.de', 'FB03', 'passwort'),
(176, 'Jackson Kroos', 'jackson.kroos@stud.hn.de', 'FB03', 'passwort'),
(177, 'David Schulz', 'david.schulz@stud.hn.de', 'FB07', 'passwort'),
(178, 'Tobias Schneider', 'tobias.schneider@stud.hn.de', 'FB09', 'passwort'),
(179, 'Oliver Schmid', 'oliver.schmid@stud.hn.de', 'FB14', 'passwort'),
(180, 'Pascal Schmid', 'pascal.schmid@stud.hn.de', 'FB06', 'passwort'),
(181, 'Jannik Bienieck', 'jannik.bienieck@stud.hn.de', 'FB12', 'passwort'),
(182, 'Mary Weber', 'mary.weber@stud.hn.de', 'FB01', 'passwort'),
(183, 'Geinrich Fischer', 'geinrich.fischer@stud.hn.de', 'FB13', 'passwort'),
(184, 'Antonio Wagner', 'antonio.wagner@stud.hn.de', 'FB17', 'passwort'),
(185, 'Pascal Berger', 'pascal.berger@stud.hn.de', 'FB20', 'passwort'),
(186, 'Sarah Tah', 'sarah.tah@stud.hn.de', 'FB06', 'passwort'),
(187, 'Moritz Andrich', 'moritz.andrich@stud.hn.de', 'FB09', 'passwort'),
(188, 'Malik Schlotterbeck', 'malik.schlotterbeck@stud.hn.de', 'FB10', 'passwort'),
(189, 'Jonathan Meyer', 'jonathan.meyer@stud.hn.de', 'FB09', 'passwort'),
(190, 'Alexander Braun', 'alexander.braun@stud.hn.de', 'FB10', 'passwort'),
(191, 'Moritz Braun', 'moritz.braun@stud.hn.de', 'FB03', 'passwort'),
(192, 'Max Weber', 'max.weber@stud.hn.de', 'FB06', 'passwort'),
(193, 'Thomas Ronaldo', 'thomas.ronaldo@stud.hn.de', 'FB19', 'passwort'),
(194, 'David Hoffmann', 'david.hoffmann@stud.hn.de', 'FB18', 'passwort'),
(195, 'Jonathan Weber', 'jonathan.weber@stud.hn.de', 'FB03', 'passwort'),
(196, 'David Hoenings', 'david.hoenings@stud.hn.de', 'FB05', 'passwort'),
(197, 'Malik Hoenings', 'malik.hoenings@stud.hn.de', 'FB16', 'passwort'),
(198, 'Kevin Alt', 'kevin.alt@stud.hn.de', 'FB01', 'passwort'),
(199, 'Marcel Dubrov', 'marcel.dubrov@stud.hn.de', 'FB13', 'passwort'),
(200, 'Thomas Andrich', 'thomas.andrich@stud.hn.de', 'FB20', 'passwort'),
(201, 'Tobias Schwarz', 'tobias.schwarz@stud.hn.de', 'FB01', 'passwort'),
(202, 'Jonathan Schmid', 'jonathan.schmid@stud.hn.de', 'FB19', 'passwort'),
(203, 'Pascal Braun', 'pascal.braun@stud.hn.de', 'FB11', 'passwort'),
(204, 'John Lange', 'john.lange@stud.hn.de', 'FB18', 'passwort'),
(205, 'Patrick Dubrov', 'patrick.dubrov@stud.hn.de', 'FB02', 'passwort'),
(206, 'Julian Jackson', 'julian.jackson@stud.hn.de', 'FB13', 'passwort'),
(207, 'Dominik Fischer', 'dominik.fischer@stud.hn.de', 'FB19', 'passwort'),
(208, 'Nico Braun', 'nico.braun@stud.hn.de', 'FB19', 'passwort'),
(209, 'Steven Becker', 'steven.becker@stud.hn.de', 'FB15', 'passwort'),
(210, 'Jonathan Weber', 'jonathan.weber@stud.hn.de', 'FB12', 'passwort'),
(211, 'Tim Alt', 'tim.alt@stud.hn.de', 'FB01', 'passwort'),
(212, 'Daniel Lange', 'daniel.lange@stud.hn.de', 'FB05', 'passwort'),
(213, 'David Vogel', 'david.vogel@stud.hn.de', 'FB06', 'passwort'),
(214, 'Julian Kroos', 'julian.kroos@stud.hn.de', 'FB03', 'passwort'),
(215, 'Mary Schulz', 'mary.schulz@stud.hn.de', 'FB11', 'passwort'),
(216, 'Raphael Hoenings', 'raphael.hoenings@stud.hn.de', 'FB10', 'passwort'),
(217, 'Jackson Brandt', 'jackson.brandt@stud.hn.de', 'FB18', 'passwort'),
(218, 'Florian Ronaldo', 'florian.ronaldo@stud.hn.de', 'FB01', 'passwort'),
(219, 'Sebastian Frank', 'sebastian.frank@stud.hn.de', 'FB17', 'passwort'),
(220, 'Jack Berger', 'jack.berger@stud.hn.de', 'FB08', 'passwort'),
(221, 'John Lange', 'john.lange@stud.hn.de', 'FB15', 'passwort'),
(222, 'Moritz Kimmich', 'moritz.kimmich@stud.hn.de', 'FB19', 'passwort'),
(223, 'Mary Bienieck', 'mary.bienieck@stud.hn.de', 'FB12', 'passwort'),
(224, 'Sebastian Weber', 'sebastian.weber@stud.hn.de', 'FB03', 'passwort'),
(225, 'Raphael Wagner', 'raphael.wagner@stud.hn.de', 'FB14', 'passwort'),
(226, 'Sarah Seidel', 'sarah.seidel@stud.hn.de', 'FB06', 'passwort'),
(227, 'Dennis Krause', 'dennis.krause@stud.hn.de', 'FB06', 'passwort'),
(228, 'Sarah Meyer', 'sarah.meyer@stud.hn.de', 'FB08', 'passwort'),
(229, 'Max Meyer', 'max.meyer@stud.hn.de', 'FB05', 'passwort'),
(230, 'Finn Becker', 'finn.becker@stud.hn.de', 'FB07', 'passwort'),
(231, 'Rene Tah', 'rene.tah@stud.hn.de', 'FB16', 'passwort'),
(232, 'Patrick Wolf', 'patrick.wolf@stud.hn.de', 'FB19', 'passwort'),
(233, 'Finn Hartmann', 'finn.hartmann@stud.hn.de', 'FB07', 'passwort'),
(234, 'Antonio Becker', 'antonio.becker@stud.hn.de', 'FB20', 'passwort'),
(235, 'Marcel Meyer', 'marcel.meyer@stud.hn.de', 'FB18', 'passwort'),
(236, 'Julian Messi', 'julian.messi@stud.hn.de', 'FB08', 'passwort'),
(237, 'Alexander Raum', 'alexander.raum@stud.hn.de', 'FB13', 'passwort'),
(238, 'David Braun', 'david.braun@stud.hn.de', 'FB11', 'passwort'),
(239, 'Florian Raum', 'florian.raum@stud.hn.de', 'FB20', 'passwort'),
(240, 'Patrick Schulz', 'patrick.schulz@stud.hn.de', 'FB07', 'passwort'),
(241, 'David Schulz', 'david.schulz@stud.hn.de', 'FB02', 'passwort'),
(242, 'Alexander Ronaldo', 'alexander.ronaldo@stud.hn.de', 'FB14', 'passwort'),
(243, 'Jack Frank', 'jack.frank@stud.hn.de', 'FB14', 'passwort'),
(244, 'Dominik Ronaldo', 'dominik.ronaldo@stud.hn.de', 'FB20', 'passwort'),
(245, 'Jack Hoenings', 'jack.hoenings@stud.hn.de', 'FB10', 'passwort'),
(246, 'Alexander Fischer', 'alexander.fischer@stud.hn.de', 'FB03', 'passwort'),
(247, 'Thomas Wagner', 'thomas.wagner@stud.hn.de', 'FB18', 'passwort'),
(248, 'Alexander Konig', 'alexander.konig@stud.hn.de', 'FB01', 'passwort'),
(249, 'Jan Wolf', 'jan.wolf@stud.hn.de', 'FB05', 'passwort'),
(250, 'Marcel Nitsche', 'marcel.nitsche@stud.hn.de', 'FB03', 'passwort'),
(251, 'Dennis Fischer', 'dennis.fischer@stud.hn.de', 'FB14', 'passwort'),
(252, 'Julian Huber', 'julian.huber@stud.hn.de', 'FB19', 'passwort'),
(253, 'David Ronaldo', 'david.ronaldo@stud.hn.de', 'FB20', 'passwort'),
(254, 'Jonas Schneider', 'jonas.schneider@stud.hn.de', 'FB20', 'passwort'),
(255, 'Kevin Musiala', 'kevin.musiala@stud.hn.de', 'FB07', 'passwort'),
(256, 'Dennis Schlotterbeck', 'dennis.schlotterbeck@stud.hn.de', 'FB04', 'passwort'),
(257, 'Alexander Winkler', 'alexander.winkler@stud.hn.de', 'FB11', 'passwort'),
(258, 'Christian Schneider', 'christian.schneider@stud.hn.de', 'FB07', 'passwort'),
(259, 'Jackson Weber', 'jackson.weber@stud.hn.de', 'FB11', 'passwort'),
(260, 'Finn Schwarz', 'finn.schwarz@stud.hn.de', 'FB14', 'passwort'),
(261, 'Moritz Schlotterbeck', 'moritz.schlotterbeck@stud.hn.de', 'FB02', 'passwort'),
(262, 'Jackson Hoffmann', 'jackson.hoffmann@stud.hn.de', 'FB18', 'passwort'),
(263, 'Moritz Nitsche', 'moritz.nitsche@stud.hn.de', 'FB05', 'passwort'),
(264, 'Florian Huber', 'florian.huber@stud.hn.de', 'FB03', 'passwort'),
(265, 'Dominik Hahn', 'dominik.hahn@stud.hn.de', 'FB08', 'passwort'),
(266, 'Leon Bienieck', 'leon.bienieck@stud.hn.de', 'FB11', 'passwort'),
(267, 'Benjamin Nitsche', 'benjamin.nitsche@stud.hn.de', 'FB12', 'passwort'),
(268, 'Julian Alt', 'julian.alt@stud.hn.de', 'FB15', 'passwort'),
(269, 'Tobias Tah', 'tobias.tah@stud.hn.de', 'FB04', 'passwort'),
(270, 'Marcel Becker', 'marcel.becker@stud.hn.de', 'FB14', 'passwort'),
(271, 'Erik Messi', 'erik.messi@stud.hn.de', 'FB04', 'passwort'),
(272, 'Philipp Schwarz', 'philipp.schwarz@stud.hn.de', 'FB08', 'passwort'),
(273, 'Leon Zimmermann', 'leon.zimmermann@stud.hn.de', 'FB04', 'passwort'),
(274, 'Dominik Yildiz', 'dominik.yildiz@stud.hn.de', 'FB19', 'passwort'),
(275, 'Benjamin Kruger', 'benjamin.kruger@stud.hn.de', 'FB12', 'passwort'),
(276, 'Tim Krause', 'tim.krause@stud.hn.de', 'FB13', 'passwort'),
(277, 'Tim Bienieck', 'tim.bienieck@stud.hn.de', 'FB01', 'passwort'),
(278, 'Kevin Zimmermann', 'kevin.zimmermann@stud.hn.de', 'FB05', 'passwort'),
(279, 'Pascal Schmid', 'pascal.schmid@stud.hn.de', 'FB03', 'passwort'),
(280, 'Daniel Krause', 'daniel.krause@stud.hn.de', 'FB20', 'passwort'),
(281, 'Tobias Hartmann', 'tobias.hartmann@stud.hn.de', 'FB10', 'passwort'),
(282, 'Raphael Berger', 'raphael.berger@stud.hn.de', 'FB09', 'passwort'),
(283, 'Paul Gundogan', 'paul.gundogan@stud.hn.de', 'FB10', 'passwort'),
(284, 'Tobias Kimmich', 'tobias.kimmich@stud.hn.de', 'FB12', 'passwort'),
(285, 'Jackson Brandt', 'jackson.brandt@stud.hn.de', 'FB13', 'passwort'),
(286, 'Jannik Vogel', 'jannik.vogel@stud.hn.de', 'FB08', 'passwort'),
(287, 'Oliver Hahn', 'oliver.hahn@stud.hn.de', 'FB06', 'passwort'),
(288, 'Felix Musiala', 'felix.musiala@stud.hn.de', 'FB14', 'passwort'),
(289, 'Jonas Huber', 'jonas.huber@stud.hn.de', 'FB16', 'passwort'),
(290, 'Sarah Vogel', 'sarah.vogel@stud.hn.de', 'FB16', 'passwort'),
(291, 'Sarah Becker', 'sarah.becker@stud.hn.de', 'FB10', 'passwort'),
(292, 'Sarah Kroos', 'sarah.kroos@stud.hn.de', 'FB16', 'passwort'),
(293, 'Niklas Lange', 'niklas.lange@stud.hn.de', 'FB13', 'passwort'),
(294, 'Julian Rolfkes', 'julian.rolfkes@stud.hn.de', 'FB18', 'passwort'),
(295, 'Oliver Yildiz', 'oliver.yildiz@stud.hn.de', 'FB06', 'passwort'),
(296, 'Finn Frank', 'finn.frank@stud.hn.de', 'FB14', 'passwort'),
(297, 'Mary Vogel', 'mary.vogel@stud.hn.de', 'FB19', 'passwort'),
(298, 'Erik Schneider', 'erik.schneider@stud.hn.de', 'FB12', 'passwort'),
(299, 'Christian Hartmann', 'christian.hartmann@stud.hn.de', 'FB04', 'passwort'),
(300, 'Tobias Schlotterbeck', 'tobias.schlotterbeck@stud.hn.de', 'FB15', 'passwort'),
(301, 'Leon Richter', 'leon.richter@stud.hn.de', 'FB05', 'passwort'),
(302, 'Erik Andrich', 'erik.andrich@stud.hn.de', 'FB04', 'passwort'),
(303, 'Matthias Kimmich', 'matthias.kimmich@stud.hn.de', 'FB16', 'passwort'),
(304, 'Jan Kimmich', 'jan.kimmich@stud.hn.de', 'FB01', 'passwort'),
(305, 'Florian Richter', 'florian.richter@stud.hn.de', 'FB19', 'passwort'),
(306, 'Antonio Schmid', 'antonio.schmid@stud.hn.de', 'FB09', 'passwort'),
(307, 'Jackson Wolf', 'jackson.wolf@stud.hn.de', 'FB20', 'passwort'),
(308, 'John Messi', 'john.messi@stud.hn.de', 'FB05', 'passwort'),
(309, 'Daniel Hartmann', 'daniel.hartmann@stud.hn.de', 'FB05', 'passwort'),
(310, 'Daniel Kaynak', 'daniel.kaynak@stud.hn.de', 'FB09', 'passwort'),
(311, 'Fabian Kroos', 'fabian.kroos@stud.hn.de', 'FB11', 'passwort'),
(312, 'Jackson Jung', 'jackson.jung@stud.hn.de', 'FB16', 'passwort'),
(313, 'Kevin Vogel', 'kevin.vogel@stud.hn.de', 'FB16', 'passwort'),
(314, 'Niklas Nitsche', 'niklas.nitsche@stud.hn.de', 'FB11', 'passwort'),
(315, 'Jonas Bienieck', 'jonas.bienieck@stud.hn.de', 'FB05', 'passwort'),
(316, 'Benjamin Schneider', 'benjamin.schneider@stud.hn.de', 'FB04', 'passwort'),
(317, 'Thomas Schlotterbeck', 'thomas.schlotterbeck@stud.hn.de', 'FB10', 'passwort'),
(318, 'Pascal Foerster', 'pascal.foerster@stud.hn.de', 'FB08', 'passwort'),
(319, 'John Zimmermann', 'john.zimmermann@stud.hn.de', 'FB01', 'passwort'),
(320, 'Nico Tah', 'nico.tah@stud.hn.de', 'FB17', 'passwort'),
(321, 'Sarah Hartmann', 'sarah.hartmann@stud.hn.de', 'FB03', 'passwort'),
(322, 'Finn Braun', 'finn.braun@stud.hn.de', 'FB03', 'passwort'),
(323, 'Sarah Jung', 'sarah.jung@stud.hn.de', 'FB13', 'passwort'),
(324, 'Dennis Braun', 'dennis.braun@stud.hn.de', 'FB02', 'passwort'),
(325, 'Florian Huber', 'florian.huber@stud.hn.de', 'FB05', 'passwort'),
(326, 'Fabian Weber', 'fabian.weber@stud.hn.de', 'FB05', 'passwort'),
(327, 'Jan Nitsche', 'jan.nitsche@stud.hn.de', 'FB13', 'passwort'),
(328, 'Jan Meyer', 'jan.meyer@stud.hn.de', 'FB18', 'passwort'),
(329, 'Tobias Messi', 'tobias.messi@stud.hn.de', 'FB14', 'passwort'),
(330, 'Moritz Schwarz', 'moritz.schwarz@stud.hn.de', 'FB11', 'passwort'),
(331, 'Paul Braun', 'paul.braun@stud.hn.de', 'FB17', 'passwort'),
(332, 'Mary Schmid', 'mary.schmid@stud.hn.de', 'FB13', 'passwort'),
(333, 'Philipp Richter', 'philipp.richter@stud.hn.de', 'FB13', 'passwort'),
(334, 'Steven Vogel', 'steven.vogel@stud.hn.de', 'FB09', 'passwort'),
(335, 'Simon Lange', 'simon.lange@stud.hn.de', 'FB19', 'passwort'),
(336, 'Jonas Hoenings', 'jonas.hoenings@stud.hn.de', 'FB19', 'passwort'),
(337, 'Niklas Becker', 'niklas.becker@stud.hn.de', 'FB07', 'passwort'),
(338, 'Jack Seidel', 'jack.seidel@stud.hn.de', 'FB01', 'passwort'),
(339, 'Michael Fischer', 'michael.fischer@stud.hn.de', 'FB15', 'passwort'),
(340, 'David Meyer', 'david.meyer@stud.hn.de', 'FB06', 'passwort'),
(341, 'Sarah Hoffmann', 'sarah.hoffmann@stud.hn.de', 'FB10', 'passwort'),
(342, 'Leon Frank', 'leon.frank@stud.hn.de', 'FB15', 'passwort'),
(343, 'Benjamin Ronaldo', 'benjamin.ronaldo@stud.hn.de', 'FB04', 'passwort'),
(344, 'Simon Hoenings', 'simon.hoenings@stud.hn.de', 'FB06', 'passwort'),
(345, 'Julian Klein', 'julian.klein@stud.hn.de', 'FB09', 'passwort'),
(346, 'Philipp Musiala', 'philipp.musiala@stud.hn.de', 'FB19', 'passwort'),
(347, 'Florian Tah', 'florian.tah@stud.hn.de', 'FB03', 'passwort'),
(348, 'Philipp Andrich', 'philipp.andrich@stud.hn.de', 'FB10', 'passwort'),
(349, 'Kevin Winkler', 'kevin.winkler@stud.hn.de', 'FB15', 'passwort'),
(350, 'Jack Weber', 'jack.weber@stud.hn.de', 'FB13', 'passwort'),
(351, 'Simon Mustermann', 'simon.mustermann@stud.hn.de', 'FB14', 'passwort'),
(352, 'Jannik Tah', 'jannik.tah@stud.hn.de', 'FB13', 'passwort'),
(353, 'Felix Seidel', 'felix.seidel@stud.hn.de', 'FB08', 'passwort'),
(354, 'Mary Schwarz', 'mary.schwarz@stud.hn.de', 'FB09', 'passwort'),
(355, 'Rene Berger', 'rene.berger@stud.hn.de', 'FB10', 'passwort'),
(356, 'Jan Richter', 'jan.richter@stud.hn.de', 'FB15', 'passwort'),
(357, 'Lukas Konig', 'lukas.konig@stud.hn.de', 'FB15', 'passwort'),
(358, 'Benjamin Kimmich', 'benjamin.kimmich@stud.hn.de', 'FB15', 'passwort'),
(359, 'Michael Seidel', 'michael.seidel@stud.hn.de', 'FB16', 'passwort'),
(360, 'Rene Huber', 'rene.huber@stud.hn.de', 'FB14', 'passwort'),
(361, 'Nico Hoenings', 'nico.hoenings@stud.hn.de', 'FB04', 'passwort'),
(362, 'Jonas Huber', 'jonas.huber@stud.hn.de', 'FB16', 'passwort'),
(363, 'Erik Bienieck', 'erik.bienieck@stud.hn.de', 'FB15', 'passwort'),
(364, 'Marcel Weber', 'marcel.weber@stud.hn.de', 'FB17', 'passwort'),
(365, 'Michael Gundogan', 'michael.gundogan@stud.hn.de', 'FB15', 'passwort'),
(366, 'Malik Vogel', 'malik.vogel@stud.hn.de', 'FB19', 'passwort'),
(367, 'Jan Alt', 'jan.alt@stud.hn.de', 'FB17', 'passwort'),
(368, 'Jannik Braun', 'jannik.braun@stud.hn.de', 'FB20', 'passwort'),
(369, 'Jan Weber', 'jan.weber@stud.hn.de', 'FB08', 'passwort'),
(370, 'Pascal Schmid', 'pascal.schmid@stud.hn.de', 'FB17', 'passwort'),
(371, 'Malik Andrich', 'malik.andrich@stud.hn.de', 'FB11', 'passwort'),
(372, 'Matthias Seidel', 'matthias.seidel@stud.hn.de', 'FB06', 'passwort'),
(373, 'Michael Kroos', 'michael.kroos@stud.hn.de', 'FB05', 'passwort'),
(374, 'Dennis Kroos', 'dennis.kroos@stud.hn.de', 'FB08', 'passwort'),
(375, 'Daniel Meyer', 'daniel.meyer@stud.hn.de', 'FB13', 'passwort'),
(376, 'Mary Klein', 'mary.klein@stud.hn.de', 'FB04', 'passwort'),
(377, 'David Gundogan', 'david.gundogan@stud.hn.de', 'FB11', 'passwort'),
(378, 'Alexander Yildiz', 'alexander.yildiz@stud.hn.de', 'FB08', 'passwort'),
(379, 'Antonio Foerster', 'antonio.foerster@stud.hn.de', 'FB05', 'passwort'),
(380, 'Simon Schlotterbeck', 'simon.schlotterbeck@stud.hn.de', 'FB03', 'passwort'),
(381, 'Tim Brandt', 'tim.brandt@stud.hn.de', 'FB10', 'passwort'),
(382, 'Thomas Konig', 'thomas.konig@stud.hn.de', 'FB12', 'passwort'),
(383, 'Nico Braun', 'nico.braun@stud.hn.de', 'FB06', 'passwort'),
(384, 'Daniel Hahn', 'daniel.hahn@stud.hn.de', 'FB11', 'passwort'),
(385, 'Antonio Krause', 'antonio.krause@stud.hn.de', 'FB03', 'passwort'),
(386, 'Meric Musiala', 'meric.musiala@stud.hn.de', 'FB09', 'passwort'),
(387, 'Michael Raum', 'michael.raum@stud.hn.de', 'FB11', 'passwort'),
(388, 'Pascal Raum', 'pascal.raum@stud.hn.de', 'FB05', 'passwort'),
(389, 'Kevin Seidel', 'kevin.seidel@stud.hn.de', 'FB20', 'passwort'),
(390, 'Christian Vogel', 'christian.vogel@stud.hn.de', 'FB12', 'passwort'),
(391, 'Steven Bienieck', 'steven.bienieck@stud.hn.de', 'FB17', 'passwort'),
(392, 'Alexander Richter', 'alexander.richter@stud.hn.de', 'FB07', 'passwort'),
(393, 'Fabian Jackson', 'fabian.jackson@stud.hn.de', 'FB20', 'passwort'),
(394, 'Marcel Hoffmann', 'marcel.hoffmann@stud.hn.de', 'FB06', 'passwort'),
(395, 'Dennis Dubrov', 'dennis.dubrov@stud.hn.de', 'FB08', 'passwort'),
(396, 'Pascal Mustermann', 'pascal.mustermann@stud.hn.de', 'FB20', 'passwort'),
(397, 'Pascal Klein', 'pascal.klein@stud.hn.de', 'FB13', 'passwort'),
(398, 'Leon Messi', 'leon.messi@stud.hn.de', 'FB04', 'passwort'),
(399, 'Rene Schlotterbeck', 'rene.schlotterbeck@stud.hn.de', 'FB15', 'passwort'),
(400, 'Fabian Schneider', 'fabian.schneider@stud.hn.de', 'FB07', 'passwort'),
(401, 'Daniel Wagner', 'daniel.wagner@stud.hn.de', 'FB11', 'passwort'),
(402, 'Niklas Bienieck', 'niklas.bienieck@stud.hn.de', 'FB06', 'passwort'),
(403, 'Jonas Musiala', 'jonas.musiala@stud.hn.de', 'FB18', 'passwort'),
(404, 'Jan Brandt', 'jan.brandt@stud.hn.de', 'FB02', 'passwort'),
(405, 'Marcel Wagner', 'marcel.wagner@stud.hn.de', 'FB04', 'passwort'),
(406, 'Niklas Hoenings', 'niklas.hoenings@stud.hn.de', 'FB20', 'passwort'),
(407, 'Pascal Hoenings', 'pascal.hoenings@stud.hn.de', 'FB13', 'passwort'),
(408, 'Raphael Hoenings', 'raphael.hoenings@stud.hn.de', 'FB02', 'passwort'),
(409, 'Patrick Schmid', 'patrick.schmid@stud.hn.de', 'FB06', 'passwort'),
(410, 'Antonio Tah', 'antonio.tah@stud.hn.de', 'FB13', 'passwort'),
(411, 'Pascal Hartmann', 'pascal.hartmann@stud.hn.de', 'FB17', 'passwort'),
(412, 'Erik Musiala', 'erik.musiala@stud.hn.de', 'FB12', 'passwort'),
(413, 'Leon Richter', 'leon.richter@stud.hn.de', 'FB06', 'passwort'),
(414, 'Meric Schmid', 'meric.schmid@stud.hn.de', 'FB13', 'passwort'),
(415, 'Leon Wagner', 'leon.wagner@stud.hn.de', 'FB18', 'passwort'),
(416, 'Patrick Andrich', 'patrick.andrich@stud.hn.de', 'FB18', 'passwort'),
(417, 'Simon Winkler', 'simon.winkler@stud.hn.de', 'FB07', 'passwort'),
(418, 'Matthias Kaynak', 'matthias.kaynak@stud.hn.de', 'FB02', 'passwort'),
(419, 'Mary Nitsche', 'mary.nitsche@stud.hn.de', 'FB15', 'passwort'),
(420, 'Sebastian Schneider', 'sebastian.schneider@stud.hn.de', 'FB05', 'passwort'),
(421, 'Meric Winkler', 'meric.winkler@stud.hn.de', 'FB02', 'passwort'),
(422, 'Jackson Schmid', 'jackson.schmid@stud.hn.de', 'FB05', 'passwort'),
(423, 'Oliver Hoffmann', 'oliver.hoffmann@stud.hn.de', 'FB08', 'passwort'),
(424, 'Pascal Bienieck', 'pascal.bienieck@stud.hn.de', 'FB06', 'passwort'),
(425, 'Leon Wolf', 'leon.wolf@stud.hn.de', 'FB03', 'passwort'),
(426, 'Tobias Schlotterbeck', 'tobias.schlotterbeck@stud.hn.de', 'FB10', 'passwort'),
(427, 'Rene Ronaldo', 'rene.ronaldo@stud.hn.de', 'FB03', 'passwort'),
(428, 'Michael Hahn', 'michael.hahn@stud.hn.de', 'FB05', 'passwort'),
(429, 'John Meyer', 'john.meyer@stud.hn.de', 'FB15', 'passwort'),
(430, 'Jonas Krause', 'jonas.krause@stud.hn.de', 'FB04', 'passwort'),
(431, 'Julian Rolfkes', 'julian.rolfkes@stud.hn.de', 'FB20', 'passwort'),
(432, 'Leon Hoffmann', 'leon.hoffmann@stud.hn.de', 'FB03', 'passwort'),
(433, 'Simon Hahn', 'simon.hahn@stud.hn.de', 'FB09', 'passwort'),
(434, 'Sebastian Ronaldo', 'sebastian.ronaldo@stud.hn.de', 'FB20', 'passwort'),
(435, 'Julian Hartmann', 'julian.hartmann@stud.hn.de', 'FB15', 'passwort'),
(436, 'Kevin Dubrov', 'kevin.dubrov@stud.hn.de', 'FB02', 'passwort'),
(437, 'Malik Fischer', 'malik.fischer@stud.hn.de', 'FB14', 'passwort'),
(438, 'Moritz Schulz', 'moritz.schulz@stud.hn.de', 'FB14', 'passwort'),
(439, 'Jan Berger', 'jan.berger@stud.hn.de', 'FB20', 'passwort'),
(440, 'David Kroos', 'david.kroos@stud.hn.de', 'FB09', 'passwort'),
(441, 'Tim Vogel', 'tim.vogel@stud.hn.de', 'FB06', 'passwort'),
(442, 'Daniel Berger', 'daniel.berger@stud.hn.de', 'FB04', 'passwort'),
(443, 'Malik Hoffmann', 'malik.hoffmann@stud.hn.de', 'FB05', 'passwort'),
(444, 'Jackson Huber', 'jackson.huber@stud.hn.de', 'FB14', 'passwort'),
(445, 'Finn Jung', 'finn.jung@stud.hn.de', 'FB15', 'passwort'),
(446, 'Meric Nitsche', 'meric.nitsche@stud.hn.de', 'FB14', 'passwort'),
(447, 'Geinrich Krause', 'geinrich.krause@stud.hn.de', 'FB20', 'passwort'),
(448, 'Kevin Vogel', 'kevin.vogel@stud.hn.de', 'FB19', 'passwort'),
(449, 'Daniel Mustermann', 'daniel.mustermann@stud.hn.de', 'FB01', 'passwort'),
(450, 'Erik Klein', 'erik.klein@stud.hn.de', 'FB09', 'passwort'),
(451, 'Sarah Schneider', 'sarah.schneider@stud.hn.de', 'FB12', 'passwort'),
(452, 'Alexander Schulz', 'alexander.schulz@stud.hn.de', 'FB16', 'passwort'),
(453, 'Julian Ronaldo', 'julian.ronaldo@stud.hn.de', 'FB03', 'passwort'),
(454, 'Felix Raum', 'felix.raum@stud.hn.de', 'FB11', 'passwort'),
(455, 'Jannik Alt', 'jannik.alt@stud.hn.de', 'FB20', 'passwort'),
(456, 'Tobias Yildiz', 'tobias.yildiz@stud.hn.de', 'FB10', 'passwort'),
(457, 'Fabian Foerster', 'fabian.foerster@stud.hn.de', 'FB20', 'passwort'),
(458, 'Moritz Weber', 'moritz.weber@stud.hn.de', 'FB05', 'passwort'),
(459, 'Jack Ronaldo', 'jack.ronaldo@stud.hn.de', 'FB12', 'passwort'),
(460, 'Fabian Alt', 'fabian.alt@stud.hn.de', 'FB18', 'passwort'),
(461, 'Alexander Meyer', 'alexander.meyer@stud.hn.de', 'FB09', 'passwort'),
(462, 'Lukas Zimmermann', 'lukas.zimmermann@stud.hn.de', 'FB06', 'passwort'),
(463, 'Jonathan Fischer', 'jonathan.fischer@stud.hn.de', 'FB06', 'passwort'),
(464, 'Antonio Schlotterbeck', 'antonio.schlotterbeck@stud.hn.de', 'FB03', 'passwort'),
(465, 'Moritz Brandt', 'moritz.brandt@stud.hn.de', 'FB07', 'passwort'),
(466, 'Jonathan Kaynak', 'jonathan.kaynak@stud.hn.de', 'FB03', 'passwort'),
(467, 'Florian Vogel', 'florian.vogel@stud.hn.de', 'FB06', 'passwort'),
(468, 'Daniel Hoenings', 'daniel.hoenings@stud.hn.de', 'FB07', 'passwort'),
(469, 'Jan Schulz', 'jan.schulz@stud.hn.de', 'FB04', 'passwort'),
(470, 'Max Berger', 'max.berger@stud.hn.de', 'FB16', 'passwort'),
(471, 'Benjamin Tah', 'benjamin.tah@stud.hn.de', 'FB04', 'passwort'),
(472, 'Lukas Hartmann', 'lukas.hartmann@stud.hn.de', 'FB13', 'passwort'),
(473, 'Sarah Zimmermann', 'sarah.zimmermann@stud.hn.de', 'FB18', 'passwort'),
(474, 'Tobias Yildiz', 'tobias.yildiz@stud.hn.de', 'FB13', 'passwort'),
(475, 'Matthias Musiala', 'matthias.musiala@stud.hn.de', 'FB13', 'passwort'),
(476, 'Nico Winkler', 'nico.winkler@stud.hn.de', 'FB16', 'passwort'),
(477, 'Michael Berger', 'michael.berger@stud.hn.de', 'FB12', 'passwort'),
(478, 'Niklas Kimmich', 'niklas.kimmich@stud.hn.de', 'FB15', 'passwort'),
(479, 'Marcel Dubrov', 'marcel.dubrov@stud.hn.de', 'FB17', 'passwort'),
(480, 'Florian Raum', 'florian.raum@stud.hn.de', 'FB18', 'passwort'),
(481, 'Nico Yildiz', 'nico.yildiz@stud.hn.de', 'FB16', 'passwort'),
(482, 'Lukas Braun', 'lukas.braun@stud.hn.de', 'FB14', 'passwort'),
(483, 'Benjamin Krause', 'benjamin.krause@stud.hn.de', 'FB16', 'passwort'),
(484, 'Dominik Mustermann', 'dominik.mustermann@stud.hn.de', 'FB13', 'passwort'),
(485, 'Raphael Braun', 'raphael.braun@stud.hn.de', 'FB14', 'passwort'),
(486, 'Florian Musiala', 'florian.musiala@stud.hn.de', 'FB14', 'passwort'),
(487, 'Mary Raum', 'mary.raum@stud.hn.de', 'FB18', 'passwort'),
(488, 'Felix Dubrov', 'felix.dubrov@stud.hn.de', 'FB11', 'passwort'),
(489, 'Tobias Schmid', 'tobias.schmid@stud.hn.de', 'FB16', 'passwort'),
(490, 'Moritz Seidel', 'moritz.seidel@stud.hn.de', 'FB09', 'passwort'),
(491, 'Fabian Lange', 'fabian.lange@stud.hn.de', 'FB10', 'passwort'),
(492, 'Jackson Schulz', 'jackson.schulz@stud.hn.de', 'FB05', 'passwort'),
(493, 'Benjamin Foerster', 'benjamin.foerster@stud.hn.de', 'FB01', 'passwort'),
(494, 'Christian Fischer', 'christian.fischer@stud.hn.de', 'FB01', 'passwort'),
(495, 'Jackson Krause', 'jackson.krause@stud.hn.de', 'FB18', 'passwort'),
(496, 'Michael Weber', 'michael.weber@stud.hn.de', 'FB12', 'passwort'),
(497, 'Jan Seidel', 'jan.seidel@stud.hn.de', 'FB08', 'passwort'),
(498, 'Antonio Fischer', 'antonio.fischer@stud.hn.de', 'FB02', 'passwort'),
(499, 'Felix Braun', 'felix.braun@stud.hn.de', 'FB08', 'passwort'),
(500, 'Simon Rolfkes', 'simon.rolfkes@stud.hn.de', 'FB11', 'passwort'),
(501, 'Sebastian Foerster', 'sebastian.foerster@stud.hn.de', 'FB05', 'passwort'),
(502, 'Jackson Alt', 'jackson.alt@stud.hn.de', 'FB19', 'passwort'),
(503, 'Jonathan Seidel', 'jonathan.seidel@stud.hn.de', 'FB03', 'passwort'),
(504, 'Kevin Weber', 'kevin.weber@stud.hn.de', 'FB06', 'passwort'),
(505, 'Jonathan Bienieck', 'jonathan.bienieck@stud.hn.de', 'FB03', 'passwort'),
(506, 'Oliver Schlotterbeck', 'oliver.schlotterbeck@stud.hn.de', 'FB04', 'passwort'),
(507, 'Leon Lange', 'leon.lange@stud.hn.de', 'FB03', 'passwort'),
(508, 'Meric Fischer', 'meric.fischer@stud.hn.de', 'FB15', 'passwort'),
(509, 'Sebastian Ronaldo', 'sebastian.ronaldo@stud.hn.de', 'FB18', 'passwort'),
(510, 'Antonio Dubrov', 'antonio.dubrov@stud.hn.de', 'FB19', 'passwort'),
(511, 'Nico Schulz', 'nico.schulz@stud.hn.de', 'FB11', 'passwort'),
(512, 'Finn Frank', 'finn.frank@stud.hn.de', 'FB12', 'passwort'),
(513, 'Max Lange', 'max.lange@stud.hn.de', 'FB14', 'passwort'),
(514, 'Felix Klein', 'felix.klein@stud.hn.de', 'FB14', 'passwort'),
(515, 'Jackson Kaynak', 'jackson.kaynak@stud.hn.de', 'FB12', 'passwort'),
(516, 'Raphael Dubrov', 'raphael.dubrov@stud.hn.de', 'FB16', 'passwort'),
(517, 'Daniel Mustermann', 'daniel.mustermann@stud.hn.de', 'FB15', 'passwort'),
(518, 'Nico Schulz', 'nico.schulz@stud.hn.de', 'FB10', 'passwort'),
(519, 'Daniel Rolfkes', 'daniel.rolfkes@stud.hn.de', 'FB16', 'passwort'),
(520, 'Sebastian Jackson', 'sebastian.jackson@stud.hn.de', 'FB19', 'passwort'),
(521, 'Oliver Schulz', 'oliver.schulz@stud.hn.de', 'FB16', 'passwort'),
(522, 'David Tah', 'david.tah@stud.hn.de', 'FB06', 'passwort'),
(523, 'Moritz Hartmann', 'moritz.hartmann@stud.hn.de', 'FB19', 'passwort'),
(524, 'Tobias Tah', 'tobias.tah@stud.hn.de', 'FB04', 'passwort'),
(525, 'David Seidel', 'david.seidel@stud.hn.de', 'FB07', 'passwort'),
(526, 'Kevin Winkler', 'kevin.winkler@stud.hn.de', 'FB02', 'passwort'),
(527, 'Marcel Brandt', 'marcel.brandt@stud.hn.de', 'FB03', 'passwort'),
(528, 'Malik Foerster', 'malik.foerster@stud.hn.de', 'FB17', 'passwort'),
(529, 'Felix Brandt', 'felix.brandt@stud.hn.de', 'FB14', 'passwort'),
(530, 'Philipp Wagner', 'philipp.wagner@stud.hn.de', 'FB11', 'passwort'),
(531, 'Felix Wolf', 'felix.wolf@stud.hn.de', 'FB06', 'passwort'),
(532, 'Sarah Hartmann', 'sarah.hartmann@stud.hn.de', 'FB05', 'passwort'),
(533, 'Thomas Frank', 'thomas.frank@stud.hn.de', 'FB05', 'passwort'),
(534, 'Sarah Berger', 'sarah.berger@stud.hn.de', 'FB14', 'passwort'),
(535, 'Sarah Alt', 'sarah.alt@stud.hn.de', 'FB06', 'passwort'),
(536, 'Nico Berger', 'nico.berger@stud.hn.de', 'FB17', 'passwort'),
(537, 'Moritz Vogel', 'moritz.vogel@stud.hn.de', 'FB17', 'passwort'),
(538, 'Fabian Zimmermann', 'fabian.zimmermann@stud.hn.de', 'FB12', 'passwort'),
(539, 'Jonathan Winkler', 'jonathan.winkler@stud.hn.de', 'FB06', 'passwort'),
(540, 'Jan Tah', 'jan.tah@stud.hn.de', 'FB19', 'passwort'),
(541, 'Niklas Jung', 'niklas.jung@stud.hn.de', 'FB12', 'passwort'),
(542, 'Patrick Zimmermann', 'patrick.zimmermann@stud.hn.de', 'FB14', 'passwort'),
(543, 'Marcel Lange', 'marcel.lange@stud.hn.de', 'FB08', 'passwort'),
(544, 'David Braun', 'david.braun@stud.hn.de', 'FB01', 'passwort'),
(545, 'Oliver Andrich', 'oliver.andrich@stud.hn.de', 'FB06', 'passwort'),
(546, 'Michael Messi', 'michael.messi@stud.hn.de', 'FB07', 'passwort'),
(547, 'David Mustermann', 'david.mustermann@stud.hn.de', 'FB03', 'passwort'),
(548, 'Erik Hartmann', 'erik.hartmann@stud.hn.de', 'FB07', 'passwort'),
(549, 'Jonas Hoffmann', 'jonas.hoffmann@stud.hn.de', 'FB12', 'passwort'),
(550, 'Thomas Krause', 'thomas.krause@stud.hn.de', 'FB11', 'passwort'),
(551, 'Jonas Konig', 'jonas.konig@stud.hn.de', 'FB04', 'passwort'),
(552, 'Steven Lange', 'steven.lange@stud.hn.de', 'FB13', 'passwort'),
(553, 'Jack Braun', 'jack.braun@stud.hn.de', 'FB05', 'passwort'),
(554, 'John Kroos', 'john.kroos@stud.hn.de', 'FB02', 'passwort'),
(555, 'Oliver Huber', 'oliver.huber@stud.hn.de', 'FB14', 'passwort'),
(556, 'Tobias Braun', 'tobias.braun@stud.hn.de', 'FB16', 'passwort'),
(557, 'Jan Kimmich', 'jan.kimmich@stud.hn.de', 'FB10', 'passwort'),
(558, 'Erik Andrich', 'erik.andrich@stud.hn.de', 'FB11', 'passwort'),
(559, 'John Foerster', 'john.foerster@stud.hn.de', 'FB02', 'passwort'),
(560, 'Jonas Wagner', 'jonas.wagner@stud.hn.de', 'FB09', 'passwort'),
(561, 'Julian Kimmich', 'julian.kimmich@stud.hn.de', 'FB09', 'passwort'),
(562, 'Christian Musiala', 'christian.musiala@stud.hn.de', 'FB10', 'passwort'),
(563, 'John Mustermann', 'john.mustermann@stud.hn.de', 'FB09', 'passwort'),
(564, 'Jack Raum', 'jack.raum@stud.hn.de', 'FB11', 'passwort'),
(565, 'Tim Schneider', 'tim.schneider@stud.hn.de', 'FB13', 'passwort'),
(566, 'Geinrich Lange', 'geinrich.lange@stud.hn.de', 'FB05', 'passwort'),
(567, 'Niklas Meyer', 'niklas.meyer@stud.hn.de', 'FB18', 'passwort'),
(568, 'Pascal Braun', 'pascal.braun@stud.hn.de', 'FB13', 'passwort'),
(569, 'Fabian Jung', 'fabian.jung@stud.hn.de', 'FB11', 'passwort'),
(570, 'Philipp Kruger', 'philipp.kruger@stud.hn.de', 'FB02', 'passwort'),
(571, 'Jonathan Hoenings', 'jonathan.hoenings@stud.hn.de', 'FB07', 'passwort'),
(572, 'Thomas Becker', 'thomas.becker@stud.hn.de', 'FB10', 'passwort'),
(573, 'Alexander Zimmermann', 'alexander.zimmermann@stud.hn.de', 'FB12', 'passwort'),
(574, 'Oliver Fischer', 'oliver.fischer@stud.hn.de', 'FB11', 'passwort'),
(575, 'Jack Brandt', 'jack.brandt@stud.hn.de', 'FB02', 'passwort'),
(576, 'Jan Schmid', 'jan.schmid@stud.hn.de', 'FB10', 'passwort'),
(577, 'Mary Dubrov', 'mary.dubrov@stud.hn.de', 'FB09', 'passwort'),
(578, 'Malik Frank', 'malik.frank@stud.hn.de', 'FB02', 'passwort'),
(579, 'Julian Krause', 'julian.krause@stud.hn.de', 'FB20', 'passwort'),
(580, 'Benjamin Konig', 'benjamin.konig@stud.hn.de', 'FB14', 'passwort'),
(581, 'Daniel Winkler', 'daniel.winkler@stud.hn.de', 'FB08', 'passwort'),
(582, 'Christian Konig', 'christian.konig@stud.hn.de', 'FB07', 'passwort'),
(583, 'Lukas Fischer', 'lukas.fischer@stud.hn.de', 'FB18', 'passwort'),
(584, 'Sarah Kimmich', 'sarah.kimmich@stud.hn.de', 'FB15', 'passwort'),
(585, 'Simon Kimmich', 'simon.kimmich@stud.hn.de', 'FB08', 'passwort'),
(586, 'Steven Frank', 'steven.frank@stud.hn.de', 'FB15', 'passwort'),
(587, 'Max Klein', 'max.klein@stud.hn.de', 'FB04', 'passwort'),
(588, 'Thomas Krause', 'thomas.krause@stud.hn.de', 'FB08', 'passwort'),
(589, 'Meric Zimmermann', 'meric.zimmermann@stud.hn.de', 'FB05', 'passwort'),
(590, 'Kevin Jackson', 'kevin.jackson@stud.hn.de', 'FB07', 'passwort'),
(591, 'Max Foerster', 'max.foerster@stud.hn.de', 'FB16', 'passwort'),
(592, 'Max Klein', 'max.klein@stud.hn.de', 'FB17', 'passwort'),
(593, 'Meric Jackson', 'meric.jackson@stud.hn.de', 'FB13', 'passwort'),
(594, 'Dominik Klein', 'dominik.klein@stud.hn.de', 'FB20', 'passwort'),
(595, 'Moritz Berger', 'moritz.berger@stud.hn.de', 'FB12', 'passwort'),
(596, 'Pascal Kruger', 'pascal.kruger@stud.hn.de', 'FB04', 'passwort'),
(597, 'Geinrich Huber', 'geinrich.huber@stud.hn.de', 'FB12', 'passwort'),
(598, 'Rene Yildiz', 'rene.yildiz@stud.hn.de', 'FB19', 'passwort'),
(599, 'Nico Dubrov', 'nico.dubrov@stud.hn.de', 'FB13', 'passwort'),
(600, 'Max Seidel', 'max.seidel@stud.hn.de', 'FB19', 'passwort'),
(601, 'Lukas Messi', 'lukas.messi@stud.hn.de', 'FB17', 'passwort'),
(602, 'Philipp Gundogan', 'philipp.gundogan@stud.hn.de', 'FB08', 'passwort'),
(603, 'Marcel Wagner', 'marcel.wagner@stud.hn.de', 'FB14', 'passwort'),
(604, 'Julian Krause', 'julian.krause@stud.hn.de', 'FB04', 'passwort'),
(605, 'Max Schlotterbeck', 'max.schlotterbeck@stud.hn.de', 'FB06', 'passwort'),
(606, 'Max Jung', 'max.jung@stud.hn.de', 'FB10', 'passwort'),
(607, 'Christian Wolf', 'christian.wolf@stud.hn.de', 'FB05', 'passwort'),
(608, 'Leon Jung', 'leon.jung@stud.hn.de', 'FB02', 'passwort'),
(609, 'Oliver Zimmermann', 'oliver.zimmermann@stud.hn.de', 'FB14', 'passwort'),
(610, 'Daniel Wolf', 'daniel.wolf@stud.hn.de', 'FB15', 'passwort'),
(611, 'Marcel Schlotterbeck', 'marcel.schlotterbeck@stud.hn.de', 'FB13', 'passwort'),
(612, 'Jan Ronaldo', 'jan.ronaldo@stud.hn.de', 'FB17', 'passwort'),
(613, 'Thomas Krause', 'thomas.krause@stud.hn.de', 'FB18', 'passwort'),
(614, 'Paul Jung', 'paul.jung@stud.hn.de', 'FB07', 'passwort'),
(615, 'Moritz Kroos', 'moritz.kroos@stud.hn.de', 'FB07', 'passwort'),
(616, 'Oliver Yildiz', 'oliver.yildiz@stud.hn.de', 'FB04', 'passwort'),
(617, 'Max Schmid', 'max.schmid@stud.hn.de', 'FB20', 'passwort'),
(618, 'Jan Frank', 'jan.frank@stud.hn.de', 'FB05', 'passwort'),
(619, 'Dennis Frank', 'dennis.frank@stud.hn.de', 'FB08', 'passwort'),
(620, 'Lukas Nitsche', 'lukas.nitsche@stud.hn.de', 'FB06', 'passwort'),
(621, 'Michael Frank', 'michael.frank@stud.hn.de', 'FB20', 'passwort'),
(622, 'Benjamin Schneider', 'benjamin.schneider@stud.hn.de', 'FB08', 'passwort'),
(623, 'Christian Tah', 'christian.tah@stud.hn.de', 'FB09', 'passwort'),
(624, 'Mary Vogel', 'mary.vogel@stud.hn.de', 'FB07', 'passwort'),
(625, 'Geinrich Konig', 'geinrich.konig@stud.hn.de', 'FB10', 'passwort'),
(626, 'Oliver Hahn', 'oliver.hahn@stud.hn.de', 'FB02', 'passwort'),
(627, 'Lukas Jackson', 'lukas.jackson@stud.hn.de', 'FB13', 'passwort'),
(628, 'Matthias Foerster', 'matthias.foerster@stud.hn.de', 'FB05', 'passwort'),
(629, 'Nico Schneider', 'nico.schneider@stud.hn.de', 'FB11', 'passwort'),
(630, 'Raphael Musiala', 'raphael.musiala@stud.hn.de', 'FB14', 'passwort'),
(631, 'Marcel Schulz', 'marcel.schulz@stud.hn.de', 'FB12', 'passwort'),
(632, 'Patrick Alt', 'patrick.alt@stud.hn.de', 'FB03', 'passwort'),
(633, 'Niklas Nitsche', 'niklas.nitsche@stud.hn.de', 'FB15', 'passwort'),
(634, 'Jan Gundogan', 'jan.gundogan@stud.hn.de', 'FB05', 'passwort'),
(635, 'Oliver Kaynak', 'oliver.kaynak@stud.hn.de', 'FB11', 'passwort'),
(636, 'Meric Messi', 'meric.messi@stud.hn.de', 'FB02', 'passwort'),
(637, 'Michael Wolf', 'michael.wolf@stud.hn.de', 'FB18', 'passwort'),
(638, 'Erik Gundogan', 'erik.gundogan@stud.hn.de', 'FB14', 'passwort'),
(639, 'Paul Bienieck', 'paul.bienieck@stud.hn.de', 'FB20', 'passwort'),
(640, 'Jonas Weber', 'jonas.weber@stud.hn.de', 'FB04', 'passwort'),
(641, 'Lukas Schmid', 'lukas.schmid@stud.hn.de', 'FB06', 'passwort'),
(642, 'Pascal Berger', 'pascal.berger@stud.hn.de', 'FB19', 'passwort'),
(643, 'Geinrich Lange', 'geinrich.lange@stud.hn.de', 'FB18', 'passwort'),
(644, 'Jonathan Yildiz', 'jonathan.yildiz@stud.hn.de', 'FB07', 'passwort'),
(645, 'Jannik Schlotterbeck', 'jannik.schlotterbeck@stud.hn.de', 'FB19', 'passwort'),
(646, 'Finn Winkler', 'finn.winkler@stud.hn.de', 'FB18', 'passwort'),
(647, 'Antonio Schneider', 'antonio.schneider@stud.hn.de', 'FB16', 'passwort'),
(648, 'Daniel Nitsche', 'daniel.nitsche@stud.hn.de', 'FB10', 'passwort'),
(649, 'Jannik Winkler', 'jannik.winkler@stud.hn.de', 'FB10', 'passwort'),
(650, 'Marcel Vogel', 'marcel.vogel@stud.hn.de', 'FB11', 'passwort'),
(651, 'Meric Tah', 'meric.tah@stud.hn.de', 'FB17', 'passwort'),
(652, 'David Tah', 'david.tah@stud.hn.de', 'FB11', 'passwort'),
(653, 'Thomas Foerster', 'thomas.foerster@stud.hn.de', 'FB14', 'passwort'),
(654, 'Daniel Richter', 'daniel.richter@stud.hn.de', 'FB08', 'passwort'),
(655, 'Steven Jackson', 'steven.jackson@stud.hn.de', 'FB13', 'passwort'),
(656, 'Dennis Schulz', 'dennis.schulz@stud.hn.de', 'FB01', 'passwort'),
(657, 'Sarah Lange', 'sarah.lange@stud.hn.de', 'FB07', 'passwort'),
(658, 'Florian Gundogan', 'florian.gundogan@stud.hn.de', 'FB15', 'passwort'),
(659, 'Jack Musiala', 'jack.musiala@stud.hn.de', 'FB12', 'passwort'),
(660, 'Simon Bienieck', 'simon.bienieck@stud.hn.de', 'FB17', 'passwort'),
(661, 'Nico Krause', 'nico.krause@stud.hn.de', 'FB18', 'passwort'),
(662, 'Florian Meyer', 'florian.meyer@stud.hn.de', 'FB03', 'passwort'),
(663, 'Thomas Zimmermann', 'thomas.zimmermann@stud.hn.de', 'FB01', 'passwort'),
(664, 'Patrick Bienieck', 'patrick.bienieck@stud.hn.de', 'FB15', 'passwort'),
(665, 'Nico Weber', 'nico.weber@stud.hn.de', 'FB11', 'passwort'),
(666, 'Jan Kruger', 'jan.kruger@stud.hn.de', 'FB16', 'passwort'),
(667, 'Paul Winkler', 'paul.winkler@stud.hn.de', 'FB14', 'passwort'),
(668, 'Alexander Berger', 'alexander.berger@stud.hn.de', 'FB11', 'passwort'),
(669, 'Meric Weber', 'meric.weber@stud.hn.de', 'FB14', 'passwort'),
(670, 'Florian Schwarz', 'florian.schwarz@stud.hn.de', 'FB04', 'passwort'),
(671, 'Jack Schmid', 'jack.schmid@stud.hn.de', 'FB20', 'passwort'),
(672, 'Simon Messi', 'simon.messi@stud.hn.de', 'FB18', 'passwort'),
(673, 'Thomas Bienieck', 'thomas.bienieck@stud.hn.de', 'FB09', 'passwort'),
(674, 'Moritz Wolf', 'moritz.wolf@stud.hn.de', 'FB14', 'passwort'),
(675, 'Erik Wagner', 'erik.wagner@stud.hn.de', 'FB08', 'passwort'),
(676, 'Jackson Ronaldo', 'jackson.ronaldo@stud.hn.de', 'FB15', 'passwort'),
(677, 'Christian Seidel', 'christian.seidel@stud.hn.de', 'FB02', 'passwort'),
(678, 'Meric Foerster', 'meric.foerster@stud.hn.de', 'FB12', 'passwort'),
(679, 'Lukas Weber', 'lukas.weber@stud.hn.de', 'FB16', 'passwort'),
(680, 'Jan Kroos', 'jan.kroos@stud.hn.de', 'FB02', 'passwort'),
(681, 'Christian Krause', 'christian.krause@stud.hn.de', 'FB11', 'passwort'),
(682, 'David Messi', 'david.messi@stud.hn.de', 'FB15', 'passwort'),
(683, 'Patrick Jackson', 'patrick.jackson@stud.hn.de', 'FB18', 'passwort'),
(684, 'Tim Messi', 'tim.messi@stud.hn.de', 'FB08', 'passwort'),
(685, 'Sarah Ronaldo', 'sarah.ronaldo@stud.hn.de', 'FB08', 'passwort'),
(686, 'Tobias Jung', 'tobias.jung@stud.hn.de', 'FB11', 'passwort'),
(687, 'Daniel Huber', 'daniel.huber@stud.hn.de', 'FB08', 'passwort'),
(688, 'Antonio Ronaldo', 'antonio.ronaldo@stud.hn.de', 'FB09', 'passwort'),
(689, 'Jan Mustermann', 'jan.mustermann@stud.hn.de', 'FB19', 'passwort'),
(690, 'Sebastian Yildiz', 'sebastian.yildiz@stud.hn.de', 'FB19', 'passwort'),
(691, 'Alexander Meyer', 'alexander.meyer@stud.hn.de', 'FB17', 'passwort'),
(692, 'Jackson Nitsche', 'jackson.nitsche@stud.hn.de', 'FB15', 'passwort'),
(693, 'Lukas Konig', 'lukas.konig@stud.hn.de', 'FB20', 'passwort'),
(694, 'Sarah Dubrov', 'sarah.dubrov@stud.hn.de', 'FB08', 'passwort'),
(695, 'Jonas Richter', 'jonas.richter@stud.hn.de', 'FB17', 'passwort'),
(696, 'Jackson Andrich', 'jackson.andrich@stud.hn.de', 'FB14', 'passwort'),
(697, 'Jackson Jackson', 'jackson.jackson@stud.hn.de', 'FB20', 'passwort'),
(698, 'Thomas Kimmich', 'thomas.kimmich@stud.hn.de', 'FB15', 'passwort'),
(699, 'Jannik Schlotterbeck', 'jannik.schlotterbeck@stud.hn.de', 'FB18', 'passwort'),
(700, 'Lukas Hahn', 'lukas.hahn@stud.hn.de', 'FB14', 'passwort'),
(701, 'Tobias Kimmich', 'tobias.kimmich@stud.hn.de', 'FB01', 'passwort'),
(702, 'Pascal Schmid', 'pascal.schmid@stud.hn.de', 'FB05', 'passwort'),
(703, 'Patrick Hartmann', 'patrick.hartmann@stud.hn.de', 'FB06', 'passwort'),
(704, 'Pascal Raum', 'pascal.raum@stud.hn.de', 'FB08', 'passwort'),
(705, 'Kevin Raum', 'kevin.raum@stud.hn.de', 'FB04', 'passwort'),
(706, 'Alexander Jung', 'alexander.jung@stud.hn.de', 'FB03', 'passwort'),
(707, 'Meric Vogel', 'meric.vogel@stud.hn.de', 'FB14', 'passwort'),
(708, 'John Wolf', 'john.wolf@stud.hn.de', 'FB15', 'passwort'),
(709, 'Niklas Foerster', 'niklas.foerster@stud.hn.de', 'FB09', 'passwort'),
(710, 'Kevin Wagner', 'kevin.wagner@stud.hn.de', 'FB10', 'passwort'),
(711, 'Simon Schneider', 'simon.schneider@stud.hn.de', 'FB10', 'passwort'),
(712, 'Tim Musiala', 'tim.musiala@stud.hn.de', 'FB05', 'passwort'),
(713, 'Dominik Hartmann', 'dominik.hartmann@stud.hn.de', 'FB16', 'passwort'),
(714, 'Benjamin Klein', 'benjamin.klein@stud.hn.de', 'FB12', 'passwort'),
(715, 'Nico Wagner', 'nico.wagner@stud.hn.de', 'FB08', 'passwort'),
(716, 'Felix Kruger', 'felix.kruger@stud.hn.de', 'FB15', 'passwort'),
(717, 'Alexander Seidel', 'alexander.seidel@stud.hn.de', 'FB01', 'passwort'),
(718, 'Jannik Schwarz', 'jannik.schwarz@stud.hn.de', 'FB04', 'passwort'),
(719, 'Erik Hoenings', 'erik.hoenings@stud.hn.de', 'FB09', 'passwort'),
(720, 'John Hahn', 'john.hahn@stud.hn.de', 'FB07', 'passwort'),
(721, 'Raphael Schlotterbeck', 'raphael.schlotterbeck@stud.hn.de', 'FB10', 'passwort'),
(722, 'Christian Nitsche', 'christian.nitsche@stud.hn.de', 'FB13', 'passwort'),
(723, 'Malik Wolf', 'malik.wolf@stud.hn.de', 'FB05', 'passwort'),
(724, 'Philipp Kruger', 'philipp.kruger@stud.hn.de', 'FB14', 'passwort'),
(725, 'Alexander Schlotterbeck', 'alexander.schlotterbeck@stud.hn.de', 'FB10', 'passwort'),
(726, 'Antonio Braun', 'antonio.braun@stud.hn.de', 'FB11', 'passwort'),
(727, 'Raphael Schmid', 'raphael.schmid@stud.hn.de', 'FB14', 'passwort'),
(728, 'Sebastian Hartmann', 'sebastian.hartmann@stud.hn.de', 'FB08', 'passwort'),
(729, 'Moritz Vogel', 'moritz.vogel@stud.hn.de', 'FB09', 'passwort'),
(730, 'Oliver Richter', 'oliver.richter@stud.hn.de', 'FB04', 'passwort'),
(731, 'Jannik Wagner', 'jannik.wagner@stud.hn.de', 'FB13', 'passwort'),
(732, 'Leon Raum', 'leon.raum@stud.hn.de', 'FB16', 'passwort'),
(733, 'Lukas Hahn', 'lukas.hahn@stud.hn.de', 'FB10', 'passwort'),
(734, 'Tim Wagner', 'tim.wagner@stud.hn.de', 'FB16', 'passwort'),
(735, 'Tim Lange', 'tim.lange@stud.hn.de', 'FB15', 'passwort'),
(736, 'Simon Schneider', 'simon.schneider@stud.hn.de', 'FB18', 'passwort'),
(737, 'Benjamin Rolfkes', 'benjamin.rolfkes@stud.hn.de', 'FB05', 'passwort'),
(738, 'Geinrich Schmid', 'geinrich.schmid@stud.hn.de', 'FB13', 'passwort'),
(739, 'Daniel Jackson', 'daniel.jackson@stud.hn.de', 'FB15', 'passwort'),
(740, 'Jonathan Zimmermann', 'jonathan.zimmermann@stud.hn.de', 'FB01', 'passwort'),
(741, 'Oliver Weber', 'oliver.weber@stud.hn.de', 'FB14', 'passwort'),
(742, 'Jackson Schlotterbeck', 'jackson.schlotterbeck@stud.hn.de', 'FB02', 'passwort'),
(743, 'Max Foerster', 'max.foerster@stud.hn.de', 'FB03', 'passwort'),
(744, 'Antonio Schulz', 'antonio.schulz@stud.hn.de', 'FB14', 'passwort'),
(745, 'Jackson Frank', 'jackson.frank@stud.hn.de', 'FB07', 'passwort'),
(746, 'Lukas Ronaldo', 'lukas.ronaldo@stud.hn.de', 'FB06', 'passwort'),
(747, 'Julian Raum', 'julian.raum@stud.hn.de', 'FB10', 'passwort'),
(748, 'Florian Mustermann', 'florian.mustermann@stud.hn.de', 'FB19', 'passwort'),
(749, 'Philipp Braun', 'philipp.braun@stud.hn.de', 'FB07', 'passwort'),
(750, 'Julian Hoffmann', 'julian.hoffmann@stud.hn.de', 'FB04', 'passwort'),
(751, 'Felix Raum', 'felix.raum@stud.hn.de', 'FB03', 'passwort'),
(752, 'John Hahn', 'john.hahn@stud.hn.de', 'FB06', 'passwort'),
(753, 'Matthias Messi', 'matthias.messi@stud.hn.de', 'FB03', 'passwort'),
(754, 'Thomas Raum', 'thomas.raum@stud.hn.de', 'FB13', 'passwort'),
(755, 'Daniel Braun', 'daniel.braun@stud.hn.de', 'FB09', 'passwort'),
(756, 'Jack Gundogan', 'jack.gundogan@stud.hn.de', 'FB13', 'passwort'),
(757, 'Kevin Winkler', 'kevin.winkler@stud.hn.de', 'FB11', 'passwort'),
(758, 'Kevin Hahn', 'kevin.hahn@stud.hn.de', 'FB08', 'passwort'),
(759, 'Tim Rolfkes', 'tim.rolfkes@stud.hn.de', 'FB06', 'passwort'),
(760, 'Erik Becker', 'erik.becker@stud.hn.de', 'FB06', 'passwort'),
(761, 'Felix Foerster', 'felix.foerster@stud.hn.de', 'FB14', 'passwort'),
(762, 'Oliver Zimmermann', 'oliver.zimmermann@stud.hn.de', 'FB08', 'passwort'),
(763, 'Jan Schmid', 'jan.schmid@stud.hn.de', 'FB06', 'passwort'),
(764, 'Nico Berger', 'nico.berger@stud.hn.de', 'FB02', 'passwort'),
(765, 'Marcel Andrich', 'marcel.andrich@stud.hn.de', 'FB04', 'passwort'),
(766, 'Benjamin Yildiz', 'benjamin.yildiz@stud.hn.de', 'FB16', 'passwort'),
(767, 'Mary Hahn', 'mary.hahn@stud.hn.de', 'FB09', 'passwort'),
(768, 'Christian Schlotterbeck', 'christian.schlotterbeck@stud.hn.de', 'FB01', 'passwort'),
(769, 'Felix Krause', 'felix.krause@stud.hn.de', 'FB15', 'passwort'),
(770, 'Rene Seidel', 'rene.seidel@stud.hn.de', 'FB08', 'passwort'),
(771, 'David Rolfkes', 'david.rolfkes@stud.hn.de', 'FB17', 'passwort'),
(772, 'Fabian Weber', 'fabian.weber@stud.hn.de', 'FB20', 'passwort'),
(773, 'Daniel Wagner', 'daniel.wagner@stud.hn.de', 'FB19', 'passwort'),
(774, 'Patrick Berger', 'patrick.berger@stud.hn.de', 'FB09', 'passwort'),
(775, 'Daniel Jackson', 'daniel.jackson@stud.hn.de', 'FB08', 'passwort'),
(776, 'Nico Raum', 'nico.raum@stud.hn.de', 'FB17', 'passwort'),
(777, 'Daniel Rolfkes', 'daniel.rolfkes@stud.hn.de', 'FB20', 'passwort'),
(778, 'Meric Wolf', 'meric.wolf@stud.hn.de', 'FB17', 'passwort'),
(779, 'Sebastian Jung', 'sebastian.jung@stud.hn.de', 'FB19', 'passwort'),
(780, 'Paul Gundogan', 'paul.gundogan@stud.hn.de', 'FB18', 'passwort'),
(781, 'Raphael Hahn', 'raphael.hahn@stud.hn.de', 'FB07', 'passwort'),
(782, 'Raphael Fischer', 'raphael.fischer@stud.hn.de', 'FB05', 'passwort'),
(783, 'Nico Brandt', 'nico.brandt@stud.hn.de', 'FB03', 'passwort'),
(784, 'David Bienieck', 'david.bienieck@stud.hn.de', 'FB15', 'passwort'),
(785, 'Dennis Gundogan', 'dennis.gundogan@stud.hn.de', 'FB08', 'passwort'),
(786, 'Sarah Seidel', 'sarah.seidel@stud.hn.de', 'FB13', 'passwort'),
(787, 'Dominik Huber', 'dominik.huber@stud.hn.de', 'FB01', 'passwort'),
(788, 'Niklas Hartmann', 'niklas.hartmann@stud.hn.de', 'FB14', 'passwort'),
(789, 'Philipp Kaynak', 'philipp.kaynak@stud.hn.de', 'FB02', 'passwort'),
(790, 'Fabian Weber', 'fabian.weber@stud.hn.de', 'FB10', 'passwort'),
(791, 'Simon Vogel', 'simon.vogel@stud.hn.de', 'FB20', 'passwort'),
(792, 'Max Frank', 'max.frank@stud.hn.de', 'FB17', 'passwort'),
(793, 'Jannik Wolf', 'jannik.wolf@stud.hn.de', 'FB13', 'passwort'),
(794, 'Thomas Hahn', 'thomas.hahn@stud.hn.de', 'FB02', 'passwort'),
(795, 'Jannik Wolf', 'jannik.wolf@stud.hn.de', 'FB11', 'passwort'),
(796, 'Jonathan Seidel', 'jonathan.seidel@stud.hn.de', 'FB06', 'passwort'),
(797, 'Julian Wagner', 'julian.wagner@stud.hn.de', 'FB14', 'passwort'),
(798, 'Rene Kimmich', 'rene.kimmich@stud.hn.de', 'FB17', 'passwort'),
(799, 'Dennis Kroos', 'dennis.kroos@stud.hn.de', 'FB05', 'passwort'),
(800, 'Steven Raum', 'steven.raum@stud.hn.de', 'FB15', 'passwort'),
(801, 'Jonas Vogel', 'jonas.vogel@stud.hn.de', 'FB04', 'passwort'),
(802, 'Christian Hoenings', 'christian.hoenings@stud.hn.de', 'FB10', 'passwort'),
(803, 'John Kimmich', 'john.kimmich@stud.hn.de', 'FB09', 'passwort'),
(804, 'Felix Jackson', 'felix.jackson@stud.hn.de', 'FB16', 'passwort'),
(805, 'John Foerster', 'john.foerster@stud.hn.de', 'FB03', 'passwort'),
(806, 'Meric Wolf', 'meric.wolf@stud.hn.de', 'FB12', 'passwort'),
(807, 'Benjamin Winkler', 'benjamin.winkler@stud.hn.de', 'FB03', 'passwort'),
(808, 'Paul Alt', 'paul.alt@stud.hn.de', 'FB04', 'passwort'),
(809, 'Patrick Mustermann', 'patrick.mustermann@stud.hn.de', 'FB01', 'passwort'),
(810, 'Michael Kaynak', 'michael.kaynak@stud.hn.de', 'FB15', 'passwort'),
(811, 'Malik Alt', 'malik.alt@stud.hn.de', 'FB19', 'passwort'),
(812, 'Simon Weber', 'simon.weber@stud.hn.de', 'FB05', 'passwort'),
(813, 'Philipp Klein', 'philipp.klein@stud.hn.de', 'FB01', 'passwort'),
(814, 'Philipp Bienieck', 'philipp.bienieck@stud.hn.de', 'FB12', 'passwort'),
(815, 'Benjamin Hoffmann', 'benjamin.hoffmann@stud.hn.de', 'FB02', 'passwort'),
(816, 'Kevin Andrich', 'kevin.andrich@stud.hn.de', 'FB06', 'passwort'),
(817, 'Julian Winkler', 'julian.winkler@stud.hn.de', 'FB13', 'passwort'),
(818, 'Erik Weber', 'erik.weber@stud.hn.de', 'FB18', 'passwort'),
(819, 'Felix Weber', 'felix.weber@stud.hn.de', 'FB07', 'passwort'),
(820, 'Tim Braun', 'tim.braun@stud.hn.de', 'FB11', 'passwort'),
(821, 'Paul Wagner', 'paul.wagner@stud.hn.de', 'FB02', 'passwort'),
(822, 'Jannik Schneider', 'jannik.schneider@stud.hn.de', 'FB17', 'passwort'),
(823, 'Geinrich Yildiz', 'geinrich.yildiz@stud.hn.de', 'FB05', 'passwort'),
(824, 'Rene Schulz', 'rene.schulz@stud.hn.de', 'FB01', 'passwort'),
(825, 'Oliver Alt', 'oliver.alt@stud.hn.de', 'FB06', 'passwort'),
(826, 'Jonas Ronaldo', 'jonas.ronaldo@stud.hn.de', 'FB09', 'passwort'),
(827, 'Dominik Hartmann', 'dominik.hartmann@stud.hn.de', 'FB18', 'passwort'),
(828, 'Thomas Meyer', 'thomas.meyer@stud.hn.de', 'FB13', 'passwort'),
(829, 'Moritz Zimmermann', 'moritz.zimmermann@stud.hn.de', 'FB14', 'passwort'),
(830, 'Geinrich Konig', 'geinrich.konig@stud.hn.de', 'FB14', 'passwort'),
(831, 'Raphael Braun', 'raphael.braun@stud.hn.de', 'FB01', 'passwort'),
(832, 'Finn Richter', 'finn.richter@stud.hn.de', 'FB14', 'passwort'),
(833, 'Patrick Musiala', 'patrick.musiala@stud.hn.de', 'FB06', 'passwort'),
(834, 'Nico Rolfkes', 'nico.rolfkes@stud.hn.de', 'FB17', 'passwort'),
(835, 'Benjamin Bienieck', 'benjamin.bienieck@stud.hn.de', 'FB13', 'passwort'),
(836, 'Matthias Schneider', 'matthias.schneider@stud.hn.de', 'FB14', 'passwort'),
(837, 'Jannik Dubrov', 'jannik.dubrov@stud.hn.de', 'FB04', 'passwort'),
(838, 'Simon Schneider', 'simon.schneider@stud.hn.de', 'FB12', 'passwort'),
(839, 'Erik Hartmann', 'erik.hartmann@stud.hn.de', 'FB02', 'passwort'),
(840, 'Erik Becker', 'erik.becker@stud.hn.de', 'FB20', 'passwort'),
(841, 'Geinrich Weber', 'geinrich.weber@stud.hn.de', 'FB11', 'passwort'),
(842, 'Erik Kroos', 'erik.kroos@stud.hn.de', 'FB01', 'passwort'),
(843, 'Dominik Tah', 'dominik.tah@stud.hn.de', 'FB18', 'passwort'),
(844, 'Paul Schulz', 'paul.schulz@stud.hn.de', 'FB10', 'passwort'),
(845, 'Finn Berger', 'finn.berger@stud.hn.de', 'FB08', 'passwort'),
(846, 'Malik Braun', 'malik.braun@stud.hn.de', 'FB03', 'passwort'),
(847, 'Rene Weber', 'rene.weber@stud.hn.de', 'FB13', 'passwort'),
(848, 'Felix Huber', 'felix.huber@stud.hn.de', 'FB14', 'passwort'),
(849, 'Moritz Musiala', 'moritz.musiala@stud.hn.de', 'FB14', 'passwort'),
(850, 'Dominik Klein', 'dominik.klein@stud.hn.de', 'FB16', 'passwort'),
(851, 'Mary Messi', 'mary.messi@stud.hn.de', 'FB03', 'passwort'),
(852, 'Thomas Richter', 'thomas.richter@stud.hn.de', 'FB10', 'passwort'),
(853, 'Kevin Becker', 'kevin.becker@stud.hn.de', 'FB02', 'passwort'),
(854, 'Dennis Seidel', 'dennis.seidel@stud.hn.de', 'FB09', 'passwort'),
(855, 'Felix Schwarz', 'felix.schwarz@stud.hn.de', 'FB14', 'passwort'),
(856, 'Jackson Hoffmann', 'jackson.hoffmann@stud.hn.de', 'FB14', 'passwort'),
(857, 'Felix Hartmann', 'felix.hartmann@stud.hn.de', 'FB07', 'passwort'),
(858, 'Jackson Meyer', 'jackson.meyer@stud.hn.de', 'FB09', 'passwort'),
(859, 'Benjamin Jung', 'benjamin.jung@stud.hn.de', 'FB20', 'passwort'),
(860, 'Benjamin Becker', 'benjamin.becker@stud.hn.de', 'FB11', 'passwort'),
(861, 'Jack Weber', 'jack.weber@stud.hn.de', 'FB06', 'passwort'),
(862, 'Kevin Nitsche', 'kevin.nitsche@stud.hn.de', 'FB07', 'passwort'),
(863, 'Dennis Andrich', 'dennis.andrich@stud.hn.de', 'FB07', 'passwort'),
(864, 'Nico Jackson', 'nico.jackson@stud.hn.de', 'FB14', 'passwort'),
(865, 'Jonathan Hartmann', 'jonathan.hartmann@stud.hn.de', 'FB01', 'passwort'),
(866, 'Michael Weber', 'michael.weber@stud.hn.de', 'FB20', 'passwort'),
(867, 'Jannik Andrich', 'jannik.andrich@stud.hn.de', 'FB11', 'passwort'),
(868, 'Julian Ronaldo', 'julian.ronaldo@stud.hn.de', 'FB18', 'passwort'),
(869, 'Daniel Konig', 'daniel.konig@stud.hn.de', 'FB15', 'passwort'),
(870, 'Julian Gundogan', 'julian.gundogan@stud.hn.de', 'FB05', 'passwort'),
(871, 'Marcel Konig', 'marcel.konig@stud.hn.de', 'FB07', 'passwort'),
(872, 'Erik Nitsche', 'erik.nitsche@stud.hn.de', 'FB11', 'passwort'),
(873, 'Raphael Berger', 'raphael.berger@stud.hn.de', 'FB02', 'passwort'),
(874, 'Malik Wolf', 'malik.wolf@stud.hn.de', 'FB07', 'passwort'),
(875, 'Tim Fischer', 'tim.fischer@stud.hn.de', 'FB20', 'passwort'),
(876, 'Paul Nitsche', 'paul.nitsche@stud.hn.de', 'FB09', 'passwort'),
(877, 'Jannik Rolfkes', 'jannik.rolfkes@stud.hn.de', 'FB13', 'passwort'),
(878, 'Oliver Frank', 'oliver.frank@stud.hn.de', 'FB07', 'passwort'),
(879, 'Tim Konig', 'tim.konig@stud.hn.de', 'FB13', 'passwort'),
(880, 'Rene Andrich', 'rene.andrich@stud.hn.de', 'FB01', 'passwort'),
(881, 'Fabian Winkler', 'fabian.winkler@stud.hn.de', 'FB07', 'passwort'),
(882, 'Dominik Konig', 'dominik.konig@stud.hn.de', 'FB12', 'passwort'),
(883, 'David Foerster', 'david.foerster@stud.hn.de', 'FB08', 'passwort'),
(884, 'Tobias Braun', 'tobias.braun@stud.hn.de', 'FB10', 'passwort'),
(885, 'Felix Brandt', 'felix.brandt@stud.hn.de', 'FB15', 'passwort'),
(886, 'Tobias Hoenings', 'tobias.hoenings@stud.hn.de', 'FB09', 'passwort'),
(887, 'Jackson Hartmann', 'jackson.hartmann@stud.hn.de', 'FB15', 'passwort'),
(888, 'Mary Dubrov', 'mary.dubrov@stud.hn.de', 'FB06', 'passwort'),
(889, 'Felix Richter', 'felix.richter@stud.hn.de', 'FB10', 'passwort'),
(890, 'Simon Hahn', 'simon.hahn@stud.hn.de', 'FB09', 'passwort'),
(891, 'Patrick Schneider', 'patrick.schneider@stud.hn.de', 'FB14', 'passwort'),
(892, 'Malik Brandt', 'malik.brandt@stud.hn.de', 'FB19', 'passwort'),
(893, 'Geinrich Winkler', 'geinrich.winkler@stud.hn.de', 'FB07', 'passwort'),
(894, 'Oliver Nitsche', 'oliver.nitsche@stud.hn.de', 'FB18', 'passwort'),
(895, 'Alexander Gundogan', 'alexander.gundogan@stud.hn.de', 'FB08', 'passwort'),
(896, 'Philipp Vogel', 'philipp.vogel@stud.hn.de', 'FB20', 'passwort'),
(897, 'Marcel Schulz', 'marcel.schulz@stud.hn.de', 'FB19', 'passwort'),
(898, 'Leon Yildiz', 'leon.yildiz@stud.hn.de', 'FB11', 'passwort'),
(899, 'Jan Richter', 'jan.richter@stud.hn.de', 'FB18', 'passwort'),
(900, 'Oliver Andrich', 'oliver.andrich@stud.hn.de', 'FB07', 'passwort'),
(901, 'Jan Jackson', 'jan.jackson@stud.hn.de', 'FB02', 'passwort'),
(902, 'Malik Alt', 'malik.alt@stud.hn.de', 'FB07', 'passwort'),
(903, 'Felix Klein', 'felix.klein@stud.hn.de', 'FB07', 'passwort'),
(904, 'Jannik Alt', 'jannik.alt@stud.hn.de', 'FB15', 'passwort'),
(905, 'Steven Braun', 'steven.braun@stud.hn.de', 'FB17', 'passwort'),
(906, 'Raphael Richter', 'raphael.richter@stud.hn.de', 'FB04', 'passwort'),
(907, 'Christian Berger', 'christian.berger@stud.hn.de', 'FB20', 'passwort'),
(908, 'Rene Hoffmann', 'rene.hoffmann@stud.hn.de', 'FB13', 'passwort'),
(909, 'Rene Frank', 'rene.frank@stud.hn.de', 'FB13', 'passwort'),
(910, 'Mary Tah', 'mary.tah@stud.hn.de', 'FB18', 'passwort'),
(911, 'Moritz Foerster', 'moritz.foerster@stud.hn.de', 'FB16', 'passwort'),
(912, 'Jonas Wagner', 'jonas.wagner@stud.hn.de', 'FB07', 'passwort'),
(913, 'Jackson Schneider', 'jackson.schneider@stud.hn.de', 'FB08', 'passwort'),
(914, 'Niklas Winkler', 'niklas.winkler@stud.hn.de', 'FB17', 'passwort'),
(915, 'Benjamin Hoffmann', 'benjamin.hoffmann@stud.hn.de', 'FB18', 'passwort'),
(916, 'Jan Jung', 'jan.jung@stud.hn.de', 'FB13', 'passwort'),
(917, 'Rene Andrich', 'rene.andrich@stud.hn.de', 'FB04', 'passwort'),
(918, 'Dennis Kruger', 'dennis.kruger@stud.hn.de', 'FB18', 'passwort'),
(919, 'Marcel Bienieck', 'marcel.bienieck@stud.hn.de', 'FB03', 'passwort'),
(920, 'Christian Nitsche', 'christian.nitsche@stud.hn.de', 'FB10', 'passwort'),
(921, 'Thomas Kaynak', 'thomas.kaynak@stud.hn.de', 'FB03', 'passwort'),
(922, 'Mary Hahn', 'mary.hahn@stud.hn.de', 'FB20', 'passwort'),
(923, 'Kevin Weber', 'kevin.weber@stud.hn.de', 'FB20', 'passwort'),
(924, 'Benjamin Nitsche', 'benjamin.nitsche@stud.hn.de', 'FB01', 'passwort'),
(925, 'Geinrich Weber', 'geinrich.weber@stud.hn.de', 'FB20', 'passwort'),
(926, 'Finn Ronaldo', 'finn.ronaldo@stud.hn.de', 'FB07', 'passwort'),
(927, 'Raphael Jung', 'raphael.jung@stud.hn.de', 'FB13', 'passwort'),
(928, 'Dominik Fischer', 'dominik.fischer@stud.hn.de', 'FB13', 'passwort'),
(929, 'Tim Gundogan', 'tim.gundogan@stud.hn.de', 'FB18', 'passwort'),
(930, 'Jackson Raum', 'jackson.raum@stud.hn.de', 'FB18', 'passwort'),
(931, 'Sebastian Gundogan', 'sebastian.gundogan@stud.hn.de', 'FB03', 'passwort'),
(932, 'Sarah Frank', 'sarah.frank@stud.hn.de', 'FB15', 'passwort'),
(933, 'Michael Weber', 'michael.weber@stud.hn.de', 'FB02', 'passwort'),
(934, 'Florian Krause', 'florian.krause@stud.hn.de', 'FB08', 'passwort'),
(935, 'Dennis Andrich', 'dennis.andrich@stud.hn.de', 'FB11', 'passwort'),
(936, 'Sarah Hartmann', 'sarah.hartmann@stud.hn.de', 'FB06', 'passwort'),
(937, 'Patrick Raum', 'patrick.raum@stud.hn.de', 'FB11', 'passwort'),
(938, 'Niklas Rolfkes', 'niklas.rolfkes@stud.hn.de', 'FB09', 'passwort'),
(939, 'Steven Wagner', 'steven.wagner@stud.hn.de', 'FB17', 'passwort'),
(940, 'Tim Schlotterbeck', 'tim.schlotterbeck@stud.hn.de', 'FB12', 'passwort'),
(941, 'Dennis Richter', 'dennis.richter@stud.hn.de', 'FB18', 'passwort'),
(942, 'Moritz Klein', 'moritz.klein@stud.hn.de', 'FB09', 'passwort'),
(943, 'Lukas Richter', 'lukas.richter@stud.hn.de', 'FB20', 'passwort'),
(944, 'Tim Gundogan', 'tim.gundogan@stud.hn.de', 'FB10', 'passwort'),
(945, 'Dennis Jackson', 'dennis.jackson@stud.hn.de', 'FB14', 'passwort'),
(946, 'Lukas Hartmann', 'lukas.hartmann@stud.hn.de', 'FB04', 'passwort'),
(947, 'Kevin Weber', 'kevin.weber@stud.hn.de', 'FB10', 'passwort'),
(948, 'Christian Hoffmann', 'christian.hoffmann@stud.hn.de', 'FB12', 'passwort'),
(949, 'Michael Lange', 'michael.lange@stud.hn.de', 'FB07', 'passwort'),
(950, 'John Wolf', 'john.wolf@stud.hn.de', 'FB16', 'passwort'),
(951, 'Pascal Schneider', 'pascal.schneider@stud.hn.de', 'FB11', 'passwort'),
(952, 'John Foerster', 'john.foerster@stud.hn.de', 'FB19', 'passwort'),
(953, 'Meric Zimmermann', 'meric.zimmermann@stud.hn.de', 'FB18', 'passwort'),
(954, 'Geinrich Kimmich', 'geinrich.kimmich@stud.hn.de', 'FB20', 'passwort'),
(955, 'Tobias Kimmich', 'tobias.kimmich@stud.hn.de', 'FB04', 'passwort'),
(956, 'Jannik Schlotterbeck', 'jannik.schlotterbeck@stud.hn.de', 'FB10', 'passwort'),
(957, 'Sarah Becker', 'sarah.becker@stud.hn.de', 'FB02', 'passwort'),
(958, 'Oliver Schmid', 'oliver.schmid@stud.hn.de', 'FB08', 'passwort'),
(959, 'Erik Schneider', 'erik.schneider@stud.hn.de', 'FB16', 'passwort'),
(960, 'Dennis Bienieck', 'dennis.bienieck@stud.hn.de', 'FB07', 'passwort'),
(961, 'Jonas Tah', 'jonas.tah@stud.hn.de', 'FB17', 'passwort'),
(962, 'Steven Frank', 'steven.frank@stud.hn.de', 'FB03', 'passwort'),
(963, 'Tobias Kimmich', 'tobias.kimmich@stud.hn.de', 'FB09', 'passwort'),
(964, 'Geinrich Wolf', 'geinrich.wolf@stud.hn.de', 'FB11', 'passwort'),
(965, 'Jonas Rolfkes', 'jonas.rolfkes@stud.hn.de', 'FB20', 'passwort'),
(966, 'Paul Vogel', 'paul.vogel@stud.hn.de', 'FB10', 'passwort'),
(967, 'Nico Gundogan', 'nico.gundogan@stud.hn.de', 'FB10', 'passwort'),
(968, 'Erik Wolf', 'erik.wolf@stud.hn.de', 'FB01', 'passwort'),
(969, 'Lukas Alt', 'lukas.alt@stud.hn.de', 'FB17', 'passwort'),
(970, 'Oliver Berger', 'oliver.berger@stud.hn.de', 'FB09', 'passwort'),
(971, 'Tim Jung', 'tim.jung@stud.hn.de', 'FB19', 'passwort'),
(972, 'Christian Frank', 'christian.frank@stud.hn.de', 'FB09', 'passwort'),
(973, 'Matthias Schwarz', 'matthias.schwarz@stud.hn.de', 'FB09', 'passwort'),
(974, 'Jannik Kroos', 'jannik.kroos@stud.hn.de', 'FB10', 'passwort'),
(975, 'Benjamin Dubrov', 'benjamin.dubrov@stud.hn.de', 'FB10', 'passwort'),
(976, 'Meric Konig', 'meric.konig@stud.hn.de', 'FB04', 'passwort'),
(977, 'Malik Berger', 'malik.berger@stud.hn.de', 'FB07', 'passwort'),
(978, 'Jan Yildiz', 'jan.yildiz@stud.hn.de', 'FB12', 'passwort'),
(979, 'Matthias Richter', 'matthias.richter@stud.hn.de', 'FB01', 'passwort'),
(980, 'Christian Brandt', 'christian.brandt@stud.hn.de', 'FB04', 'passwort'),
(981, 'Geinrich Kimmich', 'geinrich.kimmich@stud.hn.de', 'FB02', 'passwort'),
(982, 'Fabian Kruger', 'fabian.kruger@stud.hn.de', 'FB03', 'passwort'),
(983, 'Dominik Nitsche', 'dominik.nitsche@stud.hn.de', 'FB11', 'passwort'),
(984, 'Jackson Dubrov', 'jackson.dubrov@stud.hn.de', 'FB12', 'passwort'),
(985, 'Tobias Winkler', 'tobias.winkler@stud.hn.de', 'FB06', 'passwort'),
(986, 'Leon Hahn', 'leon.hahn@stud.hn.de', 'FB15', 'passwort'),
(987, 'Christian Dubrov', 'christian.dubrov@stud.hn.de', 'FB17', 'passwort'),
(988, 'Alexander Dubrov', 'alexander.dubrov@stud.hn.de', 'FB09', 'passwort'),
(989, 'Michael Meyer', 'michael.meyer@stud.hn.de', 'FB12', 'passwort'),
(990, 'Thomas Frank', 'thomas.frank@stud.hn.de', 'FB05', 'passwort'),
(991, 'Marcel Andrich', 'marcel.andrich@stud.hn.de', 'FB11', 'passwort'),
(992, 'Moritz Yildiz', 'moritz.yildiz@stud.hn.de', 'FB18', 'passwort'),
(993, 'Dominik Hoffmann', 'dominik.hoffmann@stud.hn.de', 'FB15', 'passwort'),
(994, 'Mary Schulz', 'mary.schulz@stud.hn.de', 'FB10', 'passwort'),
(995, 'Finn Vogel', 'finn.vogel@stud.hn.de', 'FB15', 'passwort'),
(996, 'Jan Schlotterbeck', 'jan.schlotterbeck@stud.hn.de', 'FB15', 'passwort'),
(997, 'Alexander Wagner', 'alexander.wagner@stud.hn.de', 'FB11', 'passwort'),
(998, 'Felix Konig', 'felix.konig@stud.hn.de', 'FB01', 'passwort'),
(999, 'Marcel Becker', 'marcel.becker@stud.hn.de', 'FB12', 'passwort'),
(1000, 'Patrick Mustermann', 'patrick.mustermann@stud.hn.de', 'FB16', 'passwort');

